name,slug,type,state,city,seats,annual_fees,closing_rank_open,nirf_rank,asmi_recommended,course,established_year,hospital_beds,photo,photo_placeholder_color,contact_phone,contact_email,website,address,affiliated_university,opd_daily,bond_years,bond_penalty,hostel_available,asmi_pulse_score,asmi_verdict,description,attached_hospital,nearby_airport,nearby_railway_station,google_location,pg_courses_availability
"Maulana Azad Medical College, New Delhi",maulana-azad-medical-college-new-delhi,Government,Delhi,New Delhi,250,2745,,26,TRUE,MBBS,1958,2053,/images/colleges/maulana-azad-medical-college-new-delhi.jpg,#15803d,9811161617,mamcregistrar@gmail.com,http://www.mamc.ac.in/,"2, Bahadur Shah Zafar Marg, Near Delhi Darwaza, Balmiki Basti, New Delhi, Delhi, 110002",University of Delhi,7000,1,1500000,Yes,5,,,"Lok Nayak Hospital, GB Pant Hospital, Guru Nanak Eye Centre",Indira Gandhi Airport (17 KM),Delhi Junction (5.6 KM),https://maps.app.goo.gl/BMJt6GpnxJSBdDeE9,Yes
"Symbiosis Medical College For Women, Pune",symbiosis-medical-college-for-women-pune,Deemed,Maharashtra,Pune,150,100000,,,FALSE,MBBS,2020,1885,/images/colleges/symbiosis-medical-college-for-women-pune.jpg,#c2410c,9112299167,admissions@smcw.siu.edu.in,https://smcw.edu.in/,"Mulshi Road, Lavale, Pune, Maharashtra 412115",Symbiosis International (Deemed University),1500,No Bond,Not Applicable,Yes,4.5,,,Symbiosis University Hospital and Research Centre,Pune Airport (25.6 KM),Shivajinagar (16.9 KM),https://maps.app.goo.gl/8jdASK7jLJSfzKyq5,No
"Grant Medical College, Mumbai",grant-medical-college-mumbai,Government,Maharashtra,Mumbai,250,167300,,,TRUE,MBBS,1845,605,/images/colleges/grant-medical-college-mumbai.jpg,#15803d,9850251351,gmcacad@gmail.com,https://gmcjjh.edu.in/,"J.J. Marg, Nagpada, Mumbai, Maharashtra 400008","Maharshtra University of Health Sciences, Nashik",4000,No Bond,Not Applicable,Yes,4.5,,,JJ Hospital,Domestic Airport (21 KM),Byculla (1.9 KM),https://maps.app.goo.gl/u5deGtkPEK3uTXVw7,Yes
"Kasturba Medical College, Manipal",kasturba-medical-college-manipal,Deemed,Karnataka,Manipal,250,1773000,,10,TRUE,MBBS,1953,1577,/images/colleges/kasturba-medical-college-manipal.jpg,#c2410c,9606456069,dradm@manipal.edu,https://www.manipal.edu/kmc-manipal.html,"Tiger Circle Road, Madhav Nagar, Eshwar Nagar, Udupi, Karnataka 576104","Manipal Academy of Higher Education, Manipal",3000,No Bond,Not Applicable,Yes,5,,,Kasturba Hospital,Mangalore Airport (60.5 KM),Udupi (4.4 KM),https://maps.app.goo.gl/GaycyCjcSVQRvd7y9,Yes
"Jawaharlal Institute of Postgraduate Medical Education & Research, Karaikal",jawaharlal-institute-of-postgraduate-medical-education-research-karaikal,JIPMER,Pondicherry,Karaikal,61,,,,TRUE,MBBS,,,/images/colleges/jawaharlal-institute-of-postgraduate-medical-education-research-karaikal.jpg,#0e7490,,,,,,,,,,,,,,,,,
"Jawaharlal Institute of Postgraduate Medical Education & Research, Puducherry",jawaharlal-institute-of-postgraduate-medical-education-research-puducherry,JIPMER,Pondicherry,Puducherry,182,,,,TRUE,MBBS,,,/images/colleges/jawaharlal-institute-of-postgraduate-medical-education-research-puducherry.jpg,#0e7490,,,,,,,,,,,,,,,,,
"Seth GS Medical College and KEM Hospital, Mumbai",seth-gs-medical-college-and-kem-hospital-mumbai,Government,Maharashtra,Mumbai,250,,,,TRUE,MBBS,,,/images/colleges/seth-gs-medical-college-and-kem-hospital-mumbai.jpg,#15803d,,,,,,,,,,,,,,,,,
"Manipal Tata Medical College, Jameshedpur",manipal-tata-medical-college-baridih-jameshedpur,Deemed,Jharkhand,Jameshedpur,200,,,,TRUE,MBBS,,,/images/colleges/manipal-tata-medical-college-baridih-jameshedpur.jpg,#c2410c,,,,,,,,,,,,,,,,,
"M S Ramaiah Medical College, Bangalore",m-s-ramaiah-medical-college,Private,Karnataka,Bengaluru,150,,,,TRUE,MBBS,,,/images/colleges/m-s-ramaiah-medical-college.jpg,#6a0dad,,,,,,,,,,,,,,,,,
"Sikkim Manipal Institute of Medical Sciences, Gangtok",sikkim-manipal-institute-of-medical-sciences-gangtok,Private,Sikkim,Gangtok,150,,,,TRUE,MBBS,,,/images/colleges/sikkim-manipal-institute-of-medical-sciences-gangtok.jpg,#6a0dad,,,,,,,,,,,,,,,,,
"All India Institute of Medical Sciences, Bhatinda",all-india-institute-of-medical-sciences-bhatinda,AIIMS,Punjab,Bhatinda,100,,,,FALSE,MBBS,,,/images/colleges/all-india-institute-of-medical-sciences-bhatinda.jpeg,#1a0040,,,,,,,,,,,,,,,,,
"All India Institute of Medical Sciences, Bhopal",all-india-institute-of-medical-sciences-bhopal,AIIMS,Madhya Pradesh,Bhopal,125,,,,FALSE,MBBS,,,/images/colleges/all-india-institute-of-medical-sciences-bhopal.jpg,#1a0040,,,,,,,,,,,,,,,,,
"All India Institute of Medical Sciences, Bhubaneswar",all-india-institute-of-medical-sciences-bhubaneswar,AIIMS,Odisha,Bhubaneswar,125,,,,FALSE,MBBS,,,/images/colleges/all-india-institute-of-medical-sciences-bhubaneswar.jpg,#1a0040,,,,,,,,,,,,,,,,,
"All India Institute of Medical Sciences, Bibinagar",all-india-institute-of-medical-sciences-bibinagar,AIIMS,Telangana,Bibinagar,100,,,,FALSE,MBBS,,,/images/colleges/all-india-institute-of-medical-sciences-bibinagar.png,#1a0040,,,,,,,,,,,,,,,,,
"All India Institute of Medical Sciences, Bilaspur",all-india-institute-of-medical-sciences-bilaspur,AIIMS,Himachal Pradesh,Bilaspur,100,,,,FALSE,MBBS,,,/images/colleges/all-india-institute-of-medical-sciences-bilaspur.jpeg,#1a0040,,,,,,,,,,,,,,,,,
"All India Institute of Medical Sciences, Deoghar",all-india-institute-of-medical-sciences-deoghar,AIIMS,Jharkhand,Deoghar,125,,,,FALSE,MBBS,,,/images/colleges/all-india-institute-of-medical-sciences-deoghar.jpg,#1a0040,,,,,,,,,,,,,,,,,
"All India Institute of Medical Sciences, Gorakhpur",all-india-institute-of-medical-sciences-gorakhpur,AIIMS,Uttar Pradesh,Gorakhpur,125,,,,FALSE,MBBS,,,/images/colleges/all-india-institute-of-medical-sciences-gorakhpur.png,#1a0040,,,,,,,,,,,,,,,,,
"All India Institute of Medical Sciences, Guwahati",all-india-institute-of-medical-sciences-guwahati,AIIMS,Assam,Guwahati,100,,,,FALSE,MBBS,,,/images/colleges/all-india-institute-of-medical-sciences-guwahati.jpeg,#1a0040,,,,,,,,,,,,,,,,,
"All India Institute of Medical Sciences, Jodhpur",all-india-institute-of-medical-sciences-jodhpur,AIIMS,Rajasthan,Jodhpur,150,,,,FALSE,MBBS,,,/images/colleges/all-india-institute-of-medical-sciences-jodhpur.png,#1a0040,,,,,,,,,,,,,,,,,
"All India Institute of Medical Sciences, Kalyani",all-india-institute-of-medical-sciences-kalyani-nadia,AIIMS,West Bengal,Kalyani,125,,,,FALSE,MBBS,,,/images/colleges/all-india-institute-of-medical-sciences-kalyani-nadia.jpg,#1a0040,,,,,,,,,,,,,,,,,
"All India Institute of Medical Sciences, Madurai",all-india-institute-of-medical-sciences-madurai,AIIMS,Tamil Nadu,Madurai,50,,,,FALSE,MBBS,,,/images/colleges/all-india-institute-of-medical-sciences-madurai.jpg,#1a0040,,,,,,,,,,,,,,,,,
"All India Institute of Medical Sciences, Mangalagiri",all-india-institute-of-medical-sciences-mangalagiri-vijayawada,AIIMS,andhra Pradesh,Mangalagiri,125,,,,FALSE,MBBS,,,/images/colleges/all-india-institute-of-medical-sciences-mangalagiri-vijayawada.jpg,#1a0040,,,,,,,,,,,,,,,,,
All India Institute of Medical Sciences Nagpur,all-india-institute-of-medical-sciences-nagpur,AIIMS,Maharashtra,Nagpur,125,,,,FALSE,MBBS,,,/images/colleges/all-india-institute-of-medical-sciences-nagpur.jpg,#1a0040,,,,,,,,,,,,,,,,,
"All India Institute of Medical Sciences, New Delhi",all-india-institute-of-medical-sciences-new-delhi,AIIMS,Delhi,New Delhi,132,,,,FALSE,MBBS,,,/images/colleges/all-india-institute-of-medical-sciences-new-delhi.jpeg,#1a0040,,,,,,,,,,,,,,,,,
"All India Institute of Medical Sciences, Patna",all-india-institute-of-medical-sciences-patna,AIIMS,Bihar,Patna,125,,,,FALSE,MBBS,,,/images/colleges/all-india-institute-of-medical-sciences-patna.jpg,#1a0040,,,,,,,,,,,,,,,,,
"All India Institute of Medical Sciences, Rae Bareli",all-india-institute-of-medical-sciences-rae-bareli,AIIMS,Uttar Pradesh,Rae Bareli,100,,,,FALSE,MBBS,,,/images/colleges/all-india-institute-of-medical-sciences-rae-bareli.jpeg,#1a0040,,,,,,,,,,,,,,,,,
"All India Institute of Medical Sciences, Raipur",all-india-institute-of-medical-sciences-raipur,AIIMS,Chattisgarh,Raipur,125,,,,FALSE,MBBS,,,/images/colleges/all-india-institute-of-medical-sciences-raipur.jpeg,#1a0040,,,,,,,,,,,,,,,,,
"All India Institute of Medical Sciences, Rajkot",all-india-institute-of-medical-sciences-rajkot,AIIMS,Gujarat,Rajkot,75,,,,FALSE,MBBS,,,/images/colleges/all-india-institute-of-medical-sciences-rajkot.jpeg,#1a0040,,,,,,,,,,,,,,,,,
"All India Institute of Medical Sciences, Rishikesh",all-india-institute-of-medical-sciences-rishikesh,AIIMS,Uttarakhand,Rishikesh,125,,,,FALSE,MBBS,,,/images/colleges/all-india-institute-of-medical-sciences-rishikesh.jpg,#1a0040,,,,,,,,,,,,,,,,,
"All India Institute of Medical Sciences, Jammu",all-india-institute-of-medical-sciences-jammu,AIIMS,Jammu & Kashmir,Jammu,100,,,,FALSE,MBBS,,,,#1a0040,,,,,,,,,,,,,,,,,
"Institute of Medical Sciences, BHU, Varansi",institute-of-medical-sciences-bhu-varansi,Central University,Uttar Pradesh,Varansi,100,,,,FALSE,MBBS,,,/images/colleges/institute-of-medical-sciences-bhu-varansi.jpeg,#0369a1,,,,,,,,,,,,,,,,,
"Jawaharlal Nehru Medical College, AMU, Aligarh",jawaharlal-nehru-medical-college-aligarh,Central University,Uttar Pradesh,Aligarh,150,,,,FALSE,MBBS,,,/images/colleges/jawaharlal-nehru-medical-college-aligarh.jpg,#0369a1,,,,,,,,,,,,,,,,,
"Armed Forces Medical College, Pune",armed-forces-medical-college-pune,AFMC,Maharashtra,Pune,150,,,,FALSE,MBBS,,,/images/colleges/armed-forces-medical-college-pune.jpg,#1a0040,,,,,,,,,,,,,,,,,
"ACSR Government Medical College, Nellore",acsr-govt-medical-college-nellore,Government,andhra Pradesh,Nellore,175,,,,FALSE,MBBS,,,,#15803d,,,,,,,,,,,,,,,,,
"Autonomous State Medical College, Sonebhadra",asmc-sonebhadra,Government,Uttar Pradesh,Sonebhadra,100,,,,FALSE,MBBS,,,,#15803d,,,,,,,,,,,,,,,,,
"Assam Medical College, Dibrugarh",assam-medical-college,Government,Assam,Dibrugarh,250,,,,FALSE,MBBS,,,,#15803d,,,,,,,,,,,,,,,,,
"Autonomous State Medical College, Auraiya",autonomous-state-medical-college-auraiya,Government,Uttar Pradesh,Auraiya,100,,,,FALSE,MBBS,,,,#15803d,,,,,,,,,,,,,,,,,
"Autonomous State Medical College, Amethi",autonomous-state-medical-college-amethi,Government,Uttar Pradesh,Amethi,100,,,,FALSE,MBBS,,,,#15803d,,,,,,,,,,,,,,,,,
"Autonomous State Medical College, Kushinagar",autonomous-state-medical-college-kushinagar-uttar-pradesh,Government,Uttar Pradesh,Kushinagar,100,,,,FALSE,MBBS,,,,#15803d,,,,,,,,,,,,,,,,,
"Autonomous State Medical College, Kanpur Dehat",autonomous-state-medical-college-kanpur-dehat,Government,Uttar Pradesh,Kanpur Dehat,100,,,,FALSE,MBBS,,,,#15803d,,,,,,,,,,,,,,,,,
Agartala Government Medical College,agartala-government-medical-college-gbp-hospital,Government,Tripura,Agartala,150,,,,FALSE,MBBS,,,,#15803d,,,,,,,,,,,,,,,,,
"andaman & Nicobar Islands Institute of Medical Sciences, Port Blair",andaman-nicobar-islands-institute-of-medical-sciences-port-blair,Government,andaman & Nicobar,Port Blair,114,,,,FALSE,MBBS,,,,#15803d,,,,,,,,,,,,,,,,,
"andhra Medical College, Visakhapatnam",andhra-medical-college-visakhapatnam,Government,andhra Pradesh,Visakhapatnam,250,,,,FALSE,MBBS,,,,#15803d,,,,,,,,,,,,,,,,,
"Anugrah Narayan Magadh Medical College, Gaya",anugrah-narayan-magadh-medical-college-gaya,Government,Bihar,Gaya,120,,,,FALSE,MBBS,,,,#15803d,,,,,,,,,,,,,,,,,
Atal Bihari Vajpayee Institute of Medical Sciences & Dr. RML Hospital,atal-bihari-vajpayee-institute-of-medical-sciences-dr-ram-manohar-lohia-hospi,Government,Delhi,New Delhi,100,,,,FALSE,MBBS,,,,#15803d,,,,,,,,,,,,,,,,,
"Autonomous State Medical College, Pratapgarh",autonomous-state-medical-college-pratapgarh,Government,Uttar Pradesh,Pratapgarh,100,,,,FALSE,MBBS,,,,#15803d,,,,,,,,,,,,,,,,,
"Autonomous State Medical College, Ghazipur",autonomous-state-medical-college-society-ghazipur,Government,Uttar Pradesh,Ghazipur,100,,,,FALSE,MBBS,,,,#15803d,,,,,,,,,,,,,,,,,
"Autonomous State Medical College, Etah",autonomous-state-medical-college-society-etah-uttar-pradesh,Government,Uttar Pradesh,Etah,100,,,,FALSE,MBBS,,,,#15803d,,,,,,,,,,,,,,,,,
"Autonomous State Medical College, Fatehpur",autonomous-state-medical-college-society-fatehpur,Government,Uttar Pradesh,Fatehpur,100,,,,FALSE,MBBS,,,,#15803d,,,,,,,,,,,,,,,,,
"Autonomous State Medical College, Hardoi",autonomous-state-medical-college-society-hardoi,Government,Uttar Pradesh,Hardoi,100,,,,FALSE,MBBS,,,,#15803d,,,,,,,,,,,,,,,,,
"Autonomous State Medical College, Lakhimpur Kheri",autonomous-state-medical-college-kheri-up,Government,Uttar Pradesh,Lakhimpur Kheri,100,,,,FALSE,MBBS,,,,#15803d,,,,,,,,,,,,,,,,,
"Autonomous State Medical College, Gonda",autonomous-state-medical-college-gonda,Government,Uttar Pradesh,Gonda,100,,,,FALSE,MBBS,,,,#15803d,,,,,,,,,,,,,,,,,
"Autonomous State Medical College, Kaushambi",autonomous-state-medical-college-kaushambi,Government,Uttar Pradesh,Kaushambi,100,,,,FALSE,MBBS,,,,#15803d,,,,,,,,,,,,,,,,,
"Autonomous State Medical College, Siddharthnagar",autonomous-state-medical-college-siddharthnagar,Government,Uttar Pradesh,Siddharthnagar,100,,,,FALSE,MBBS,,,,#15803d,,,,,,,,,,,,,,,,,
"Autonomous State Medical College, Sultanpur",autonomous-state-medical-college-sultanpur-up,Government,Uttar Pradesh,Sultanpur,100,,,,FALSE,MBBS,,,,#15803d,,,,,,,,,,,,,,,,,
"Autonomous State Society Medical College, Mirzapur",autonomous-state-society-medical-college-mirzapur,Government,Uttar Pradesh,Mirzapur,100,,,,FALSE,MBBS,,,,#15803d,,,,,,,,,,,,,,,,,
Autonomous State Medical College Lalitpur,autonomous-state-medical-college-lalitpur,Government,Uttar Pradesh,Lalitpur,100,,,,FALSE,MBBS,,,,#15803d,,,,,,,,,,,,,,,,,
"Autonomous State Medical College, Pilibhit",autonomous-state-medical-college-pilibhit-u-p,Government,Uttar Pradesh,Pilibhit,100,,,,FALSE,MBBS,,,,#15803d,,,,,,,,,,,,,,,,,
"B. J. Medical College, Pune",b-j-govt-medical-college-pune,Government,Maharashtra,Pune,250,,,,FALSE,MBBS,,,,#15803d,,,,,,,,,,,,,,,,,
"B.J. Medical College, Ahmedabad",b-j-medical-college-ahmedabad,Government,Gujarat,Ahmedabad,250,,,,FALSE,MBBS,,,,#15803d,,,,,,,,,,,,,,,,,
"Bps Government Medical College For Women, Sonepat",bps-government-medical-college-for-women-sonepat,Government,Haryana,Sonepat,120,,,,FALSE,MBBS,,,,#15803d,,,,,,,,,,,,,,,,,
"Brd Medical College, Gorakhpur",brd-medical-college-gorakhpur,Government,Uttar Pradesh,Gorakhpur,150,,,,FALSE,MBBS,,,,#15803d,,,,,,,,,,,,,,,,,
"Baba Kinaram Autonomous State Medical College, Chandauli",baba-kinaram-autonomous-state-medical-college,Government,Uttar Pradesh,Chandauli,100,,,,FALSE,MBBS,,,,#15803d,,,,,,,,,,,,,,,,,
"Bangalore Medical College and Research Institute, Bangalore",bangalore-medical-college-and-research-institute-bangalore,Government,Karnataka,Bengaluru,250,,,,FALSE,MBBS,,,,#15803d,,,,,,,,,,,,,,,,,
"Bankura Sammilani Medical College, Bankura",bankura-sammilani-medical-college-bankura,Government,West Bengal,Bankura,200,,,,FALSE,MBBS,,,,#15803d,,,,,,,,,,,,,,,,,
"Barasat Government Medical College and Hospital, Banamalipur",barasat-government-medical-college-and-hospital-banamalipur-west-bengal,Government,West Bengal,Banamalipur,100,,,,FALSE,MBBS,,,,#15803d,,,,,,,,,,,,,,,,,
"Belagavi Institute of Medical Sciences, Belagavi",belagavi-institute-of-medical-sciences-belagavi-karnataka,Government,Karnataka,Belagavi,200,,,,FALSE,MBBS,,,,#15803d,,,,,,,,,,,,,,,,,
"Bhagwan Mahavir Institute of Medical Sciences, Nalanda",bhagwan-mahavir-institute-of-medical-sciences-pawapuri-nalanda,Government,Bihar,Nalanda,120,,,,FALSE,MBBS,,,,#15803d,,,,,,,,,,,,,,,,,
"Bidar Institute of Medical Sciences, Bidar",bidar-institute-of-medical-sciences-bidar,Government,Karnataka,Bidar,200,,,,FALSE,MBBS,,,,#15803d,,,,,,,,,,,,,,,,,
"Bundelkhand Medical College, Sagar",bundelkhand-medical-college-sagar,Government,Madhya Pradesh,Sagar,150,,,,FALSE,MBBS,,,,#15803d,,,,,,,,,,,,,,,,,
"Burdwan Medical College, Burdwan",burdwan-medical-college-burdwan,Government,West Bengal,Burdwan,200,,,,FALSE,MBBS,,,,#15803d,,,,,,,,,,,,,,,,,
Chikkaballapur Institute of Medical Sciences,chikkaballapur-institute-of-medical-sciences,Government,Karnataka,Chikkaballapur,150,,,,FALSE,MBBS,,,,#15803d,,,,,,,,,,,,,,,,,
Chikkamagaluru Institute of Medical Sciences,chikkamagaluru-institute-of-medical-sciences-karnataka,Government,Karnataka,Chikkamagaluru ,150,,,,FALSE,MBBS,,,,#15803d,,,,,,,,,,,,,,,,,
"Calcutta National Medical College, Kolkata",calcutta-national-medical-college-kolkata,Government,West Bengal,Kolkata,250,,,,FALSE,MBBS,,,,#15803d,,,,,,,,,,,,,,,,,
Chamarajanagar Institute of Medical Sciences,chamarajanagar-institute-of-medical-sciences-chamarajanagar,Government,Karnataka,Chamarajanagar,150,,,,FALSE,MBBS,,,,#15803d,,,,,,,,,,,,,,,,,
"Chandulal Chandrakar Memorial Medical College, Durg",chandulal-chandrakar-memorial-medical-college-durg,Government,Chattisgarh,Durg,200,,,,FALSE,MBBS,,,,#15803d,,,,,,,,,,,,,,,,,
"Chengalpattu Medical College, Chengalpattu",chengalpattu-medical-college-chengalpattu,Government,Tamil Nadu,Chengalpattu,100,,,,FALSE,MBBS,,,,#15803d,,,,,,,,,,,,,,,,,
"Chhattisgarh Institute of Medical Sciences, Bilaspur",chhattisgarh-institute-of-medical-sciences-bilaspur,Government,Chattisgarh,Bilaspur,150,,,,FALSE,MBBS,,,,#15803d,,,,,,,,,,,,,,,,,
Chitradurga Medical College and Research Institute,chitradurga-medical-college-and-research-institute-karnataka,Government,Karnataka,Chitradurga,149,,,,FALSE,MBBS,,,,#15803d,,,,,,,,,,,,,,,,,
Churachandpur Medical College,churachandpur-medical-college-manipur,Government,Manipur,Churachandpur,100,,,,FALSE,MBBS,,,,#15803d,,,,,,,,,,,,,,,,,
"Coimbatore Medical College, Coimbatore",coimbatore-medical-college-coimbatore,Government,Tamil Nadu,Coimbatore,200,,,,FALSE,MBBS,,,,#15803d,,,,,,,,,,,,,,,,,
"College of Medicine and Jnm Hospital, Kalyani, Nadia",college-of-medicine-and-jnm-hospital-kalyani-nadia,Government,West Bengal,Nadia,150,,,,FALSE,MBBS,,,,#15803d,,,,,,,,,,,,,,,,,
"College of Medicine and Sagore Dutta Hospital, Kolkata",college-of-medicine-and-sagore-dutta-hospital-kolkata,Government,West Bengal,Kolkata,125,,,,FALSE,MBBS,,,,#15803d,,,,,,,,,,,,,,,,,
"Coochbehar Government Medical College & Hospital, Coochbehar",coochbehar-government-medical-college-hospital-coochbehar-wb,Government,West Bengal,Coochbehar,150,,,,FALSE,MBBS,,,,#15803d,,,,,,,,,,,,,,,,,
"Darbhanga Medical College, Lehriasarai",darbhanga-medical-college-lehriasarai,Government,Bihar,Lehriasarai,120,,,,FALSE,MBBS,,,,#15803d,,,,,,,,,,,,,,,,,
"Dhubri Medical College, Dhubri",dhubri-medical-college-dhubri,Government,Assam,Dhubri,100,,,,FALSE,MBBS,,,,#15803d,,,,,,,,,,,,,,,,,
"Diamond Harbour Government Medical College and Hospital, West Bengal",diamond-harbour-government-medical-college-and-hospital-west-bengal,Government,West Bengal,West Bengal,150,,,,FALSE,MBBS,,,,#15803d,,,,,,,,,,,,,,,,,
Diphu Medical College,diphu-medical-college,Government,Assam,Dibrugarh,100,,,,FALSE,MBBS,,,,#15803d,,,,,,,,,,,,,,,,,
"Doon Medical College, Dehradun, Uttarakhand",doon-medical-college-dehradun-uttarakhand,Government,Uttarakhand,Uttarakhand,150,,,,FALSE,MBBS,,,,#15803d,,,,,,,,,,,,,,,,,
"Dr B R Ambedkar State Institute of Medical Sciences, Mohali",dr-b-r-ambedkar-state-institute-of-medical-sciences,Government,Punjab,Mohali,99,,,,FALSE,MBBS,,,,#15803d,,,,,,,,,,,,,,,,,
"Dr SN Medical College, Jodhpur",dr-sn-medical-college-jodhpur,Government,Rajasthan,Jodhpur,250,,,,FALSE,MBBS,,,,#15803d,,,,,,,,,,,,,,,,,
"Dr Vaishampayan Memorial Medical College, Solapur",dr-vaishampayan-memorial-medical-college-solapur,Government,Maharashtra,Solapur,200,,,,FALSE,MBBS,,,,#15803d,,,,,,,,,,,,,,,,,
"Dr. Baba Saheb Ambedkar Medical College, Rohini, Delhi",dr-baba-saheb-ambedkar-medical-college-rohini-delhi,Government,Delhi,Delhi,125,,,,FALSE,MBBS,,,,#15803d,,,,,,,,,,,,,,,,,
"Dr. Radhakrishnan Government Medical College, Hamirpur",dr-radhakrishnan-government-medical-college-hamirpur-h-p,Government,Himachal Pradesh,Hamirpur,120,,,,FALSE,MBBS,,,,#15803d,,,,,,,,,,,,,,,,,
"Dr. Rajendar Prasad Government Medical College, Tanda",dr-rajendar-prasad-government-medical-college-tanda-h-p,Government,Himachal Pradesh,Tanda,120,,,,FALSE,MBBS,,,,#15803d,,,,,,,,,,,,,,,,,
"Dr. Ram Manohar Lohia Institute of Medical Sciences,Lucknow",dr-ram-manohar-lohia-institute-of-medical-sciences-lucknow,Government,Uttar Pradesh,Lucknow,200,,,,FALSE,MBBS,,,,#15803d,,,,,,,,,,,,,,,,,
"Dr. Shankarrao Chavan Govt. Medical College, Nanded",dr-shankarrao-chavan-govt-medical-college-nanded,Government,Maharashtra,Nanded,150,,,,FALSE,MBBS,,,,#15803d,,,,,,,,,,,,,,,,,
"Dumka Medical College, Dighi Dumka",dumka-medical-college-dighi-dumka,Government,Jharkhand,Dighi Dumka,100,,,,FALSE,MBBS,,,,#15803d,,,,,,,,,,,,,,,,,
"ESIC Medical College and Hospital, Andheri",ESIC-medical-college-and-hospital-andheri,Government,Maharashtra,Mumbai,50,,,,FALSE,MBBS,,,,#15803d,,,,,,,,,,,,,,,,,
"ESIC Medical College and Hospital, Faridabad",ESIC-medical-college-and-hospital-faridabad,Government,Haryana,Faridabad,150,,,,FALSE,MBBS,,,,#15803d,,,,,,,,,,,,,,,,,
"ESIC Medical College and Hospital, Noida",ESIC-medical-college-and-hospital-noida,Government,Uttar Pradesh,Noida,50,,,,FALSE,MBBS,,,,#15803d,,,,,,,,,,,,,,,,,
"ESIC Medical College, Ahmedabad",ESIC-medical-college-naroda-bapunagar-ahmedabad,Government,Gujarat,Ahmedabad,50,,,,FALSE,MBBS,,,,#15803d,,,,,,,,,,,,,,,,,
"ESIC Medical College & Hospital, Basaidarapur, New Delhi",ESIC-medical-college-hospital-basaidarapur-new-delhi,Government,Delhi,New Delhi,50,,,,FALSE,MBBS,,,,#15803d,,,,,,,,,,,,,,,,,
"ESIC Medical College & Hospital, Jaipur (Rajasthan)",ESIC-medical-college-hospital-jaipur-rajasthan,Government,Rajasthan,Jaipur (Rajasthan),50,,,,FALSE,MBBS,,,,#15803d,,,,,,,,,,,,,,,,,
"ESIC Medical College & Hospital, K.K.Nagar, Chennai",ESIC-medical-college-hospital-k-k-nagar-chennai,Government,Tamil Nadu,Chennai,150,,,,FALSE,MBBS,,,,#15803d,,,,,,,,,,,,,,,,,
"ESIC Medical College, Ludhiana",ESIC-medical-college-ludhiana,Government,Punjab,Ludhiana,50,,,,FALSE,MBBS,,,,#15803d,,,,,,,,,,,,,,,,,
"ESIC Medical College and Hospital, Alwar, Rajasthan",ESIC-medical-college-and-hospital-alwar-rajasthan,Government,Rajasthan,Rajasthan,100,,,,FALSE,MBBS,,,,#15803d,,,,,,,,,,,,,,,,,
"ESIC Medical College and Hospital, Beltola",ESIC-medical-college-and-hospital-beltola,Government,Assam,Beltola,50,,,,FALSE,MBBS,,,,#15803d,,,,,,,,,,,,,,,,,
"ESIC Medical College and Hospital, Indore, M.P.",ESIC-medical-college-and-hospital-indore-m-p,Government,Madhya Pradesh,M.P.,50,,,,FALSE,MBBS,,,,#15803d,,,,,,,,,,,,,,,,,
"ESIC Medical College and Hospital, Varanasi",ESIC-medical-college-and-hospital-varanasi,Government,Uttar Pradesh,varanasi,50,,,,FALSE,MBBS,,,,#15803d,,,,,,,,,,,,,,,,,
"Employees State Insurance Coporation Medical College, Sanath Nagar, Hyderabad",employees-state-insurance-coporation-medical-college-sanath-nagar-hyderabad,Government,Telangana,Hyderabad,150,,,,FALSE,MBBS,,,,#15803d,,,,,,,,,,,,,,,,,
"Employees State Insurance Corporation Medical College, Bangalore",employees-state-insurance-corporation-medical-college-bangalore,Government,Karnataka,Bangalore,150,,,,FALSE,MBBS,,,,#15803d,,,,,,,,,,,,,,,,,
"Employees State Insurance Corporation Medical College, Bihta, Patna",employees-state-insurance-corporation-medical-college-bihta-patna,Government,Bihar,Patna,100,,,,FALSE,MBBS,,,,#15803d,,,,,,,,,,,,,,,,,
"Employees State Insurance Corporation Medical College, Joka, Kolkata",employees-state-insurance-corporation-medical-college-joka-kolkata,Government,West Bengal,Kolkata,150,,,,FALSE,MBBS,,,,#15803d,,,,,,,,,,,,,,,,,
"Employees State Insurance Corporation Medical College, Kalaburagi, Gulbarga",employees-state-insurance-corporation-medical-college-kalaburagi-gulbarga,Government,Karnataka,Gulbarga,150,,,,FALSE,MBBS,,,,#15803d,,,,,,,,,,,,,,,,,
Fakhruddin Ali Ahmed Medical College,fakhruddin-ali-ahmed-medical-college,Government,Assam,College,125,,,,FALSE,MBBS,,,,#15803d,,,,,,,,,,,,,,,,,
"Gmers Medical College, Navsari",gmers-medical-college-navsari,Government,Gujarat,NAVSARI,100,,,,FALSE,MBBS,,,,#15803d,,,,,,,,,,,,,,,,,
Gmers Medical College Morbi,gmers-medical-college-morbi,Government,Gujarat,,100,,,,FALSE,MBBS,,,,#15803d,,,,,,,,,,,,,,,,,
Gmers Medical College Panchmahal Godhra,gmers-medical-college-panchmahal-godhra,Government,Gujarat,Godhra,100,,,,FALSE,MBBS,,,,#15803d,,,,,,,,,,,,,,,,,
"Gmers Medical College, Porbandar",gmers-medical-college-porbandar,Government,Gujarat,Porbandar,100,,,,FALSE,MBBS,,,,#15803d,,,,,,,,,,,,,,,,,
"Gmers Medical College, Rajpipla",gmers-medical-college-rajpipla,Government,Gujarat,Rajpipla,100,,,,FALSE,MBBS,,,,#15803d,,,,,,,,,,,,,,,,,
"Goverment Medical College, Sheopur",goverment-medical-college-sheopur,Government,Madhya Pradesh,SHEOPUR,100,,,,FALSE,MBBS,,,,#15803d,,,,,,,,,,,,,,,,,
Government Medical College & Hospital Amravati,government-medical-college-hospital-amravati,Government,Maharashtra,Hospital Amravati,100,,,,FALSE,MBBS,,,,#15803d,,,,,,,,,,,,,,,,,
"Government Medical College and District General Hospital,Ratnagiri, Maharashtra",government-medical-college-and-district-general-hospital-ratnagiri-maharashtra,Government,Maharashtra,MAHARASHTRA,100,,,,FALSE,MBBS,,,,#15803d,,,,,,,,,,,,,,,,,
Government Medical College and Hospital  Sundargarh,government-medical-college-and-hospital-sundargarh,Government,Odisha,Hospital  Sundargarh,100,,,,FALSE,MBBS,,,,#15803d,,,,,,,,,,,,,,,,,
Government Medical College Dausa,government-medical-college-dausa,Government,Rajasthan,,100,,,,FALSE,MBBS,,,,#15803d,,,,,,,,,,,,,,,,,
Government Medical College Handwara,government-medical-college-handwara,Government,Jammu & Kashmir,,100,,,,FALSE,MBBS,,,,#15803d,,,,,,,,,,,,,,,,,
Government Medical College Jhunjhunu,government-medical-college-jhunjhunu,Government,Rajasthan,,100,,,,FALSE,MBBS,,,,#15803d,,,,,,,,,,,,,,,,,
"Government Medical College Khammam, Telangana",government-medical-college-khammam-telangana,Government,Telangana,TELANGANA,100,,,,FALSE,MBBS,,,,#15803d,,,,,,,,,,,,,,,,,
"Government Medical College Konni, Pathanamthitta",government-medical-college-konni-pathanamthitta,Government,Kerala,PATHANAMTHITTA,100,,,,FALSE,MBBS,,,,#15803d,,,,,,,,,,,,,,,,,
Government Medical College Machilipatnam,government-medical-college-machilipatnam,Government,andhra Pradesh,,150,,,,FALSE,MBBS,,,,#15803d,,,,,,,,,,,,,,,,,
Government Medical College Mancherial,government-medical-college-mancherial,Government,Telangana,,100,,,,FALSE,MBBS,,,,#15803d,,,,,,,,,,,,,,,,,
Government Medical College Rajamahendravaram andhra Pradesh,government-medical-college-rajamahendravaram-andhra-pradesh,Government,andhra Pradesh,andhra Pradesh,150,,,,FALSE,MBBS,,,,#15803d,,,,,,,,,,,,,,,,,
Government Medical College Singrauli,government-medical-college-singrauli,Government,Madhya Pradesh,,100,,,,FALSE,MBBS,,,,#15803d,,,,,,,,,,,,,,,,,
Government Medical College Sri Ganganagar,government-medical-college-sri-ganganagar,Government,Rajasthan,Ganganagar,100,,,,FALSE,MBBS,,,,#15803d,,,,,,,,,,,,,,,,,
"Government Medical College, Alwar",government-medical-college-alwar,Government,Rajasthan,ALWAR,100,,,,FALSE,MBBS,,,,#15803d,,,,,,,,,,,,,,,,,
"Government Medical College, Eluru, Ap",government-medical-college-eluru-ap,Government,andhra Pradesh,AP,150,,,,FALSE,MBBS,,,,#15803d,,,,,,,,,,,,,,,,,
"Government Medical College, Hanumangarh, Rajasthan",government-medical-college-hanumangarh-rajasthan,Government,Rajasthan,RAJASTHAN,100,,,,FALSE,MBBS,,,,#15803d,,,,,,,,,,,,,,,,,
"Government Medical College, Kamareddy, Telangana",government-medical-college-kamareddy-telangana,Government,Telangana,TELANGANA,100,,,,FALSE,MBBS,,,,#15803d,,,,,,,,,,,,,,,,,
"Government Medical College, Kodangal, Telangana",government-medical-college-kodangal-telangana,Government,Telangana,TELANGANA,50,,,,FALSE,MBBS,,,,#15803d,,,,,,,,,,,,,,,,,
"Government Medical College, Kumuram Bheem Asifabad, Telangana",government-medical-college-kumuram-bheem-asifabad-telangana,Government,Telangana,TELANGANA,100,,,,FALSE,MBBS,,,,#15803d,,,,,,,,,,,,,,,,,
"Government Medical College, Mahabubnagar",government-medical-college-mahabubnagar,Government,Telangana,MAHABUBNAGAR,175,,,,FALSE,MBBS,,,,#15803d,,,,,,,,,,,,,,,,,
"Government Medical College, Nagarkurnool",government-medical-college-nagarkurnool,Government,Telangana,NAGARKURNOOL,150,,,,FALSE,MBBS,,,,#15803d,,,,,,,,,,,,,,,,,
"Government Medical College, Nirmal",government-medical-college-nirmal,Government,Telangana,NIRMAL,100,,,,FALSE,MBBS,,,,#15803d,,,,,,,,,,,,,,,,,
"Government Medical College, Parbhani",government-medical-college-parbhani,Government,Maharashtra,PARBHANI,100,,,,FALSE,MBBS,,,,#15803d,,,,,,,,,,,,,,,,,
"Government Medical College, Rajanna Sircilla, Telangana",government-medical-college-rajanna-sircilla-telangana,Government,Telangana,TELANGANA,100,,,,FALSE,MBBS,,,,#15803d,,,,,,,,,,,,,,,,,
"Government Medical College, Sindhudurg",government-medical-college-sindhudurg,Government,Maharashtra,SINDHUDURG,100,,,,FALSE,MBBS,,,,#15803d,,,,,,,,,,,,,,,,,
Government Medical College- Vizianagaram,government-medical-college-vizianagaram,Government,andhra Pradesh,,150,,,,FALSE,MBBS,,,,#15803d,,,,,,,,,,,,,,,,,
"Govt Medical College, Nagaur",govt-medical-college-nagaur,Government,Rajasthan,NAGAUR,100,,,,FALSE,MBBS,,,,#15803d,,,,,,,,,,,,,,,,,
Govt. Medical College Kathua,govt-medical-college-kathua,Government,Jammu & Kashmir,,150,,,,FALSE,MBBS,,,,#15803d,,,,,,,,,,,,,,,,,
"Gsvm Medical College, Kanpur",gsvm-medical-college-kanpur,Government,Uttar Pradesh,Kanpur,250,,,,FALSE,MBBS,,,,#15803d,,,,,,,,,,,,,,,,,
"Gadag Institute of Medical Sciences, Mallasamudra, Gadag",gadag-institute-of-medical-sciences-mallasamudra-gadag,Government,Karnataka,Gadag,150,,,,FALSE,MBBS,,,,#15803d,,,,,,,,,,,,,,,,,
"Gajra Raja Medical College, Gwalior",gajra-raja-medical-college-gwalior,Government,Madhya Pradesh,Gwalior,200,,,,FALSE,MBBS,,,,#15803d,,,,,,,,,,,,,,,,,
Gandhi Medical College Secunderabad,gandhi-medical-college-secunderabad,Government,Telangana,,250,,,,FALSE,MBBS,,,,#15803d,,,,,,,,,,,,,,,,,
"Gandhi Medical College, Bhopal",gandhi-medical-college-bhopal,Government,Madhya Pradesh,Bhopal,250,,,,FALSE,MBBS,,,,#15803d,,,,,,,,,,,,,,,,,
"Gauhati Medical College, Guwahati",gauhati-medical-college-guwahati,Government,Assam,Guwahati,250,,,,FALSE,MBBS,,,,#15803d,,,,,,,,,,,,,,,,,
"Goa Medical College, Panaji",goa-medical-college-panaji,Government,Goa,Panaji,200,,,,FALSE,MBBS,,,,#15803d,,,,,,,,,,,,,,,,,
"Goverment Medical College, Kadapa",goverment-medical-college-kadapa,Government,andhra Pradesh,Kadapa,175,,,,FALSE,MBBS,,,,#15803d,,,,,,,,,,,,,,,,,
"Government Allopathic Medical College, Banda, Up",government-allopathic-medical-college-banda-up,Government,Uttar Pradesh,UP,100,,,,FALSE,MBBS,,,,#15803d,,,,,,,,,,,,,,,,,
"Government Dharmapuri Medical College, Dharmapuri",government-dharmapuri-medical-college-dharmapuri,Government,Tamil Nadu,Dharmapuri,100,,,,FALSE,MBBS,,,,#15803d,,,,,,,,,,,,,,,,,
"Government Erode Medical College & Hospital, Perundurai (Formerly Irt Perundurai",government-erode-medical-college-hospital-perundurai-formerly-irt-perundurai,Government,Tamil Nadu,Perundurai (Formerly IRT Perundurai,100,,,,FALSE,MBBS,,,,#15803d,,,,,,,,,,,,,,,,,
"Government Institute of Medical Sciences , Greater Noida",government-institute-of-medical-sciences-greater-noida,Government,Uttar Pradesh,Greater Noida,100,,,,FALSE,MBBS,,,,#15803d,,,,,,,,,,,,,,,,,
"Government Medical College & ESIC Hospital, Coimbatore, Tamilnadu",government-medical-college-ESIC-hospital-coimbatore-tamilnadu,Government,Tamil Nadu,TamilNadu,100,,,,FALSE,MBBS,,,,#15803d,,,,,,,,,,,,,,,,,
Government Medical College & Hospital (Renamed As Bhima Bhoi Medical College & H,government-medical-college-hospital-renamed-as-bhima-bhoi-medical-college-h,Government,Odisha,College,100,,,,FALSE,MBBS,,,,#15803d,,,,,,,,,,,,,,,,,
Government Medical College & Hospital (Renamed As Fakir Mohan Medical College &,government-medical-college-hospital-renamed-as-fakir-mohan-medical-college,Government,Odisha,Medical,100,,,,FALSE,MBBS,,,,#15803d,,,,,,,,,,,,,,,,,
"Government Medical College & Hospital, Baramati",government-medical-college-hospital-baramati,Government,Maharashtra,Baramati,100,,,,FALSE,MBBS,,,,#15803d,,,,,,,,,,,,,,,,,
"Government Medical College & Super Facility Hospital, Azamgarh",government-medical-college-super-facility-hospital-azamgarh,Government,Uttar Pradesh,Azamgarh,100,,,,FALSE,MBBS,,,,#15803d,,,,,,,,,,,,,,,,,
Government Medical College (Bharat Ratna Shri Atal Bihari Vajpyee Memorial Med.,government-medical-college-bharat-ratna-shri-atal-bihari-vajpyee-memorial-med,Government,Chattisgarh,Vajpyee,125,,,,FALSE,MBBS,,,,#15803d,,,,,,,,,,,,,,,,,
"Government Medical College (Institute of Integrated Medical Sciences), Yakkara,",government-medical-college-institute-of-integrated-medical-sciences-yakkara,Government,Kerala,Medical,100,,,,FALSE,MBBS,,,,#15803d,,,,,,,,,,,,,,,,,
"Government Medical College (Prev.Uttarakhand Forest Hospital Trust Med.Col.), Ha",government-medical-college-prev-uttarakhand-forest-hospital-trust-med-col-ha,Government,Uttarakhand,Ha,125,,,,FALSE,MBBS,,,,#15803d,,,,,,,,,,,,,,,,,
"Government Medical College ,Tiruppur",government-medical-college-tiruppur,Government,Tamil Nadu,Tiruppur,100,,,,FALSE,MBBS,,,,#15803d,,,,,,,,,,,,,,,,,
Government Medical College Ambernath,government-medical-college-ambernath,Government,Maharashtra,,100,,,,FALSE,MBBS,,,,#15803d,,,,,,,,,,,,,,,,,
Government Medical College Banswara,government-medical-college-banswara,Government,Rajasthan,,100,,,,FALSE,MBBS,,,,#15803d,,,,,,,,,,,,,,,,,
Government Medical College Baran,government-medical-college-baran,Government,Rajasthan,,100,,,,FALSE,MBBS,,,,#15803d,,,,,,,,,,,,,,,,,
Government Medical College Bhadradri Kothagudem,government-medical-college-bhadradri-kothagudem,Government,Telangana,Kothagudem,150,,,,FALSE,MBBS,,,,#15803d,,,,,,,,,,,,,,,,,
Government Medical College Buldhana,government-medical-college-buldhana,Government,Maharashtra,,100,,,,FALSE,MBBS,,,,#15803d,,,,,,,,,,,,,,,,,
Government Medical College Chittorgarh,government-medical-college-chittorgarh,Government,Rajasthan,,100,,,,FALSE,MBBS,,,,#15803d,,,,,,,,,,,,,,,,,
Government Medical College Idukki,government-medical-college-idukki,Government,Kerala,,100,,,,FALSE,MBBS,,,,#15803d,,,,,,,,,,,,,,,,,
Government Medical College Jalna,government-medical-college-jalna,Government,Maharashtra,,100,,,,FALSE,MBBS,,,,#15803d,,,,,,,,,,,,,,,,,
Government Medical College Kallakurichi,government-medical-college-kallakurichi,Government,Tamil Nadu,,150,,,,FALSE,MBBS,,,,#15803d,,,,,,,,,,,,,,,,,
Government Medical College Kasaragod,government-medical-college-kasaragod,Government,Kerala,,50,,,,FALSE,MBBS,,,,#15803d,,,,,,,,,,,,,,,,,
Government Medical College Krishnagiri,government-medical-college-krishnagiri,Government,Tamil Nadu,,150,,,,FALSE,MBBS,,,,#15803d,,,,,,,,,,,,,,,,,
Government Medical College Nagapattinam,government-medical-college-nagapattinam,Government,Tamil Nadu,,150,,,,FALSE,MBBS,,,,#15803d,,,,,,,,,,,,,,,,,
"Government Medical College Phulbani, Kandhamal",government-medical-college-phulbani-kandhamal,Government,Odisha,Kandhamal,100,,,,FALSE,MBBS,,,,#15803d,,,,,,,,,,,,,,,,,
Government Medical College Purnea,government-medical-college-purnea,Government,Bihar,,100,,,,FALSE,MBBS,,,,#15803d,,,,,,,,,,,,,,,,,
Government Medical College Ramagundam,government-medical-college-ramagundam,Government,Telangana,,150,,,,FALSE,MBBS,,,,#15803d,,,,,,,,,,,,,,,,,
Government Medical College Ramanathapuram,government-medical-college-ramanathapuram,Government,Tamil Nadu,,100,,,,FALSE,MBBS,,,,#15803d,,,,,,,,,,,,,,,,,
Government Medical College Sangareddy Telangana,government-medical-college-sangareddy-telangana,Government,Telangana,Telangana,150,,,,FALSE,MBBS,,,,#15803d,,,,,,,,,,,,,,,,,
Government Medical College Satna,government-medical-college-satna,Government,Madhya Pradesh,,150,,,,FALSE,MBBS,,,,#15803d,,,,,,,,,,,,,,,,,
Government Medical College Seoni,government-medical-college-seoni,Government,Madhya Pradesh,,100,,,,FALSE,MBBS,,,,#15803d,,,,,,,,,,,,,,,,,
Government Medical College Srikakulam,government-medical-college-srikakulam,Government,andhra Pradesh,,200,,,,FALSE,MBBS,,,,#15803d,,,,,,,,,,,,,,,,,
Government Medical College Washim,government-medical-college-washim,Government,Maharashtra,,100,,,,FALSE,MBBS,,,,#15803d,,,,,,,,,,,,,,,,,
"Government Medical College and Hospital, Osmanabad",government-medical-college-and-hospital-osmanabad,Government,Maharashtra,Osmanabad,100,,,,FALSE,MBBS,,,,#15803d,,,,,,,,,,,,,,,,,
"Government Medical College and Hospital, Satara, 467, Sadar Bazar Camp, Satara P",government-medical-college-and-hospital-satara-467-sadar-bazar-camp-satara-p,Government,Maharashtra,Satara p,100,,,,FALSE,MBBS,,,,#15803d,,,,,,,,,,,,,,,,,
"Government Medical College and Hospitals, Mumbai",government-medical-college-and-hospitals-mumbai,Government,Maharashtra,Mumbai,50,,,,FALSE,MBBS,,,,#15803d,,,,,,,,,,,,,,,,,
"Government Medical College, Akola",government-medical-college-akola,Government,Maharashtra,Akola,200,,,,FALSE,MBBS,,,,#15803d,,,,,,,,,,,,,,,,,
"Government Medical College, Alibag",government-medical-college-alibag,Government,Maharashtra,Alibag,100,,,,FALSE,MBBS,,,,#15803d,,,,,,,,,,,,,,,,,
"Government Medical College, Ambikapur (Surguja), Chhattisgarh",government-medical-college-ambikapur-surguja-chhattisgarh,Government,Chattisgarh,Chhattisgarh,125,,,,FALSE,MBBS,,,,#15803d,,,,,,,,,,,,,,,,,
"Government Medical College, Amritsar",government-medical-college-amritsar,Government,Punjab,Amritsar,250,,,,FALSE,MBBS,,,,#15803d,,,,,,,,,,,,,,,,,
"Government Medical College, Anantapuramu",government-medical-college-anantapuramu,Government,andhra Pradesh,Anantapuramu,200,,,,FALSE,MBBS,,,,#15803d,,,,,,,,,,,,,,,,,
"Government Medical College, Anantnag",government-medical-college-anantnag,Government,Jammu & Kashmir,Anantnag,150,,,,FALSE,MBBS,,,,#15803d,,,,,,,,,,,,,,,,,
"Government Medical College, Aurangabad",government-medical-college-aurangabad,Government,Maharashtra,Aurangabad,200,,,,FALSE,MBBS,,,,#15803d,,,,,,,,,,,,,,,,,
"Government Medical College, Badaun, U.P.",government-medical-college-badaun-u-p,Government,Uttar Pradesh,U.P.,100,,,,FALSE,MBBS,,,,#15803d,,,,,,,,,,,,,,,,,
"Government Medical College, Baramulla",government-medical-college-baramulla,Government,Jammu & Kashmir,Baramulla,150,,,,FALSE,MBBS,,,,#15803d,,,,,,,,,,,,,,,,,
"Government Medical College, Barmer",government-medical-college-barmer,Government,Rajasthan,Barmer,130,,,,FALSE,MBBS,,,,#15803d,,,,,,,,,,,,,,,,,
"Government Medical College, Bettiah",government-medical-college-bettiah,Government,Bihar,Bettiah,120,,,,FALSE,MBBS,,,,#15803d,,,,,,,,,,,,,,,,,
"Government Medical College, Bhandara",government-medical-college-bhandara,Government,Maharashtra,Bhandara,100,,,,FALSE,MBBS,,,,#15803d,,,,,,,,,,,,,,,,,
"Government Medical College, Bharatpur, Rajasthan",government-medical-college-bharatpur-rajasthan,Government,Rajasthan,Rajasthan,150,,,,FALSE,MBBS,,,,#15803d,,,,,,,,,,,,,,,,,
"Government Medical College, Bhavnagar, Gujarat",government-medical-college-bhavnagar-gujarat,Government,Gujarat,Gujarat,200,,,,FALSE,MBBS,,,,#15803d,,,,,,,,,,,,,,,,,
"Government Medical College, Bhilwara, Rajasthan",government-medical-college-bhilwara-rajasthan,Government,Rajasthan,Rajasthan,150,,,,FALSE,MBBS,,,,#15803d,,,,,,,,,,,,,,,,,
"Government Medical College, Bundi, Rajasthan",government-medical-college-bundi-rajasthan,Government,Rajasthan,Rajasthan,100,,,,FALSE,MBBS,,,,#15803d,,,,,,,,,,,,,,,,,
"Government Medical College, Chandigarh",government-medical-college-chandigarh,Government,Chandigarh,Chandigarh,150,,,,FALSE,MBBS,,,,#15803d,,,,,,,,,,,,,,,,,
"Government Medical College, Chandrapur",government-medical-college-chandrapur,Government,Maharashtra,Chandrapur,150,,,,FALSE,MBBS,,,,#15803d,,,,,,,,,,,,,,,,,
"Government Medical College, Chhindwara, Mp",government-medical-college-chhindwara-mp,Government,Madhya Pradesh,MP,150,,,,FALSE,MBBS,,,,#15803d,,,,,,,,,,,,,,,,,
"Government Medical College, Churu",government-medical-college-churu,Government,Rajasthan,Churu,150,,,,FALSE,MBBS,,,,#15803d,,,,,,,,,,,,,,,,,
"Government Medical College, Datia, Mp",government-medical-college-datia-mp,Government,Madhya Pradesh,MP,120,,,,FALSE,MBBS,,,,#15803d,,,,,,,,,,,,,,,,,
"Government Medical College, Dholpur",government-medical-college-dholpur,Government,Rajasthan,Dholpur,100,,,,FALSE,MBBS,,,,#15803d,,,,,,,,,,,,,,,,,
"Government Medical College, Dungarpur",government-medical-college-dungarpur,Government,Rajasthan,Dungarpur,150,,,,FALSE,MBBS,,,,#15803d,,,,,,,,,,,,,,,,,
"Government Medical College, Ernakulam",government-medical-college-ernakulam,Government,Kerala,Ernakulam,110,,,,FALSE,MBBS,,,,#15803d,,,,,,,,,,,,,,,,,
"Government Medical College, Faizabad",government-medical-college-faizabad,Government,Uttar Pradesh,Faizabad,100,,,,FALSE,MBBS,,,,#15803d,,,,,,,,,,,,,,,,,
"Government Medical College, Firozabad",government-medical-college-firozabad,Government,Uttar Pradesh,Firozabad,100,,,,FALSE,MBBS,,,,#15803d,,,,,,,,,,,,,,,,,
"Government Medical College, Gadchiroli",government-medical-college-gadchiroli,Government,Maharashtra,Gadchiroli,100,,,,FALSE,MBBS,,,,#15803d,,,,,,,,,,,,,,,,,
"Government Medical College, Gondia",government-medical-college-gondia,Government,Maharashtra,Gondia,150,,,,FALSE,MBBS,,,,#15803d,,,,,,,,,,,,,,,,,
"Government Medical College, Hingoli",government-medical-college-hingoli,Government,Maharashtra,Hingoli,100,,,,FALSE,MBBS,,,,#15803d,,,,,,,,,,,,,,,,,
"Government Medical College, Jaisalmer",government-medical-college-jaisalmer,Government,Rajasthan,Jaisalmer,50,,,,FALSE,MBBS,,,,#15803d,,,,,,,,,,,,,,,,,
"Government Medical College, Jalgaon",government-medical-college-jalgaon,Government,Maharashtra,Jalgaon,150,,,,FALSE,MBBS,,,,#15803d,,,,,,,,,,,,,,,,,
"Government Medical College, Jammu",government-medical-college-jammu,Government,Jammu & Kashmir,Jammu,201,,,,FALSE,MBBS,,,,#15803d,,,,,,,,,,,,,,,,,
"Government Medical College, Jangaon, Telangana",government-medical-college-jangaon-telangana,Government,Telangana,Telangana,100,,,,FALSE,MBBS,,,,#15803d,,,,,,,,,,,,,,,,,
"Government Medical College, Jayashnakar Bhupalpally, Telangana",government-medical-college-jayashnakar-bhupalpally-telangana,Government,Telangana,Telangana,100,,,,FALSE,MBBS,,,,#15803d,,,,,,,,,,,,,,,,,
"Government Medical College, Jogulamba Gadwal",government-medical-college-jogulamba-gadwal,Government,Telangana,Jogulamba Gadwal,50,,,,FALSE,MBBS,,,,#15803d,,,,,,,,,,,,,,,,,
"Government Medical College, Kanker",government-medical-college-kanker,Government,Chattisgarh,Kanker,125,,,,FALSE,MBBS,,,,#15803d,,,,,,,,,,,,,,,,,
"Government Medical College, Kannauj",government-medical-college-kannauj,Government,Uttar Pradesh,Kannauj,100,,,,FALSE,MBBS,,,,#15803d,,,,,,,,,,,,,,,,,
"Government Medical College, Karauli",government-medical-college-karauli,Government,Rajasthan,Karauli,100,,,,FALSE,MBBS,,,,#15803d,,,,,,,,,,,,,,,,,
"Government Medical College, Karimnagar, Telangana",government-medical-college-karimnagar-telangana,Government,Telangana,Telangana,100,,,,FALSE,MBBS,,,,#15803d,,,,,,,,,,,,,,,,,
"Government Medical College, Karur",government-medical-college-karur,Government,Tamil Nadu,Karur,150,,,,FALSE,MBBS,,,,#15803d,,,,,,,,,,,,,,,,,
"Government Medical College, Keonjhar",government-medical-college-keonjhar,Government,Odisha,Keonjhar,100,,,,FALSE,MBBS,,,,#15803d,,,,,,,,,,,,,,,,,
"Government Medical College, Khandwa, Mp",government-medical-college-khandwa-mp,Government,Madhya Pradesh,MP,120,,,,FALSE,MBBS,,,,#15803d,,,,,,,,,,,,,,,,,
"Government Medical College, Kota",government-medical-college-kota,Government,Rajasthan,Kota,250,,,,FALSE,MBBS,,,,#15803d,,,,,,,,,,,,,,,,,
"Government Medical College, Kottayam",government-medical-college-kottayam,Government,Kerala,Kottayam,175,,,,FALSE,MBBS,,,,#15803d,,,,,,,,,,,,,,,,,
"Government Medical College, Kozhikode, Calicut",government-medical-college-kozhikode-calicut,Government,Kerala,Calicut,250,,,,FALSE,MBBS,,,,#15803d,,,,,,,,,,,,,,,,,
"Government Medical College, Latur",government-medical-college-latur,Government,Maharashtra,Latur,150,,,,FALSE,MBBS,,,,#15803d,,,,,,,,,,,,,,,,,
"Government Medical College, Mahabubabad, Telangana",government-medical-college-mahabubabad-telangana,Government,Telangana,Telangana,150,,,,FALSE,MBBS,,,,#15803d,,,,,,,,,,,,,,,,,
"Government Medical College, Maheshwaram",government-medical-college-maheshwaram,Government,Telangana,Maheshwaram,50,,,,FALSE,MBBS,,,,#15803d,,,,,,,,,,,,,,,,,
"Government Medical College, Manjeri, Malapuram Dist.",government-medical-college-manjeri-malapuram-dist,Government,Kerala,Malapuram Dist.,110,,,,FALSE,MBBS,,,,#15803d,,,,,,,,,,,,,,,,,
"Government Medical College, Medak",government-medical-college-medak,Government,Telangana,Medak,50,,,,FALSE,MBBS,,,,#15803d,,,,,,,,,,,,,,,,,
"Government Medical College, Miraj",government-medical-college-miraj,Government,Maharashtra,Miraj,200,,,,FALSE,MBBS,,,,#15803d,,,,,,,,,,,,,,,,,
"Government Medical College, Mulugu",government-medical-college-mulugu,Government,Telangana,Mulugu,50,,,,FALSE,MBBS,,,,#15803d,,,,,,,,,,,,,,,,,
"Government Medical College, Nagpur",government-medical-college-nagpur,Government,Maharashtra,Nagpur,250,,,,FALSE,MBBS,,,,#15803d,,,,,,,,,,,,,,,,,
"Government Medical College, Nahan, Sirmour H.P.",government-medical-college-nahan-sirmour-h-p,Government,Himachal Pradesh,Sirmour H.P.,120,,,,FALSE,MBBS,,,,#15803d,,,,,,,,,,,,,,,,,
"Government Medical College, Nalgonda",government-medical-college-nalgonda,Government,Telangana,Nalgonda,150,,,,FALSE,MBBS,,,,#15803d,,,,,,,,,,,,,,,,,
"Government Medical College, Namakkal",government-medical-college-namakkal,Government,Tamil Nadu,Namakkal,100,,,,FALSE,MBBS,,,,#15803d,,,,,,,,,,,,,,,,,
"Government Medical College, Nandurbar",government-medical-college-nandurbar,Government,Maharashtra,Nandurbar,100,,,,FALSE,MBBS,,,,#15803d,,,,,,,,,,,,,,,,,
"Government Medical College, Narayanpet",government-medical-college-narayanpet,Government,Telangana,Narayanpet,50,,,,FALSE,MBBS,,,,#15803d,,,,,,,,,,,,,,,,,
"Government Medical College, Narsampet",government-medical-college-narsampet,Government,Telangana,Narsampet,50,,,,FALSE,MBBS,,,,#15803d,,,,,,,,,,,,,,,,,
"Government Medical College, Nashik and Maharashtra Post Graduate Institute of Me",government-medical-college-nashik-and-maharashtra-post-graduate-institute-of-me,Government,Maharashtra,Nashik and Maharashtra Post Graduate Institute of Me,50,,,,FALSE,MBBS,,,,#15803d,,,,,,,,,,,,,,,,,
"Government Medical College, Nizamabad",government-medical-college-nizamabad,Government,Telangana,Nizamabad,120,,,,FALSE,MBBS,,,,#15803d,,,,,,,,,,,,,,,,,
"Government Medical College, Omandurar",government-medical-college-omandurar,Government,Tamil Nadu,Omandurar,100,,,,FALSE,MBBS,,,,#15803d,,,,,,,,,,,,,,,,,
"Government Medical College, Paderu, Visakhapatnam, Ap",government-medical-college-paderu-visakhapatnam-ap,Government,andhra Pradesh,AP,50,,,,FALSE,MBBS,,,,#15803d,,,,,,,,,,,,,,,,,
"Government Medical College, Pali, Rajasthan",government-medical-college-pali-rajasthan,Government,Rajasthan,Rajasthan,150,,,,FALSE,MBBS,,,,#15803d,,,,,,,,,,,,,,,,,
"Government Medical College, Parippally, Kollam",government-medical-college-parippally-kollam,Government,Kerala,Kollam,110,,,,FALSE,MBBS,,,,#15803d,,,,,,,,,,,,,,,,,
"Government Medical College, Patiala",government-medical-college-patiala,Government,Punjab,Patiala,250,,,,FALSE,MBBS,,,,#15803d,,,,,,,,,,,,,,,,,
"Government Medical College, Pudukottai, Tamil Nadu",government-medical-college-pudukottai-tamil-nadu,Government,Tamil Nadu,Tamil Nadu,150,,,,FALSE,MBBS,,,,#15803d,,,,,,,,,,,,,,,,,
"Government Medical College, Qutbullapur",government-medical-college-qutbullapur,Government,Telangana,Qutbullapur,50,,,,FALSE,MBBS,,,,#15803d,,,,,,,,,,,,,,,,,
"Government Medical College, Rajouri, J&K",government-medical-college-rajouri-j-k,Government,Jammu & Kashmir,J&K,100,,,,FALSE,MBBS,,,,#15803d,,,,,,,,,,,,,,,,,
"Government Medical College, Rampur, Basti",government-medical-college-rampur-basti,Government,Uttar Pradesh,Basti,100,,,,FALSE,MBBS,,,,#15803d,,,,,,,,,,,,,,,,,
"Government Medical College, Ratlam",government-medical-college-ratlam,Government,Madhya Pradesh,Ratlam,180,,,,FALSE,MBBS,,,,#15803d,,,,,,,,,,,,,,,,,
"Government Medical College, Shahdol, Mp",government-medical-college-shahdol-mp,Government,Madhya Pradesh,MP,100,,,,FALSE,MBBS,,,,#15803d,,,,,,,,,,,,,,,,,
"Government Medical College, Shahjahanpur, Up",government-medical-college-shahjahanpur-up,Government,Uttar Pradesh,UP,100,,,,FALSE,MBBS,,,,#15803d,,,,,,,,,,,,,,,,,
"Government Medical College, Shivpuri",government-medical-college-shivpuri,Government,Madhya Pradesh,Shivpuri,100,,,,FALSE,MBBS,,,,#15803d,,,,,,,,,,,,,,,,,
"Government Medical College, Siddipet",government-medical-college-siddipet,Government,Telangana,Siddipet,175,,,,FALSE,MBBS,,,,#15803d,,,,,,,,,,,,,,,,,
"Government Medical College, Srinagar",government-medical-college-srinagar,Government,Jammu & Kashmir,Srinagar,200,,,,FALSE,MBBS,,,,#15803d,,,,,,,,,,,,,,,,,
"Government Medical College, Surat",government-medical-college-surat,Government,Gujarat,Surat,250,,,,FALSE,MBBS,,,,#15803d,,,,,,,,,,,,,,,,,
"Government Medical College, Suryapet",government-medical-college-suryapet,Government,Telangana,Suryapet,150,,,,FALSE,MBBS,,,,#15803d,,,,,,,,,,,,,,,,,
"Government Medical College, The Nilgiris",government-medical-college-the-nilgiris,Government,Tamil Nadu,The Nilgiris,150,,,,FALSE,MBBS,,,,#15803d,,,,,,,,,,,,,,,,,
"Government Medical College, Thiruvallur",government-medical-college-thiruvallur,Government,Tamil Nadu,Thiruvallur,100,,,,FALSE,MBBS,,,,#15803d,,,,,,,,,,,,,,,,,
"Government Medical College, Thrissur",government-medical-college-thrissur,Government,Kerala,Thrissur,175,,,,FALSE,MBBS,,,,#15803d,,,,,,,,,,,,,,,,,
"Government Medical College, Vidisha, Mp",government-medical-college-vidisha-mp,Government,Madhya Pradesh,MP,180,,,,FALSE,MBBS,,,,#15803d,,,,,,,,,,,,,,,,,
"Government Medical College, Vikarabad, Telangana",government-medical-college-vikarabad-telangana,Government,Telangana,Telangana,100,,,,FALSE,MBBS,,,,#15803d,,,,,,,,,,,,,,,,,
"Government Medical College, Virudhunagar",government-medical-college-virudhunagar,Government,Tamil Nadu,Virudhunagar,150,,,,FALSE,MBBS,,,,#15803d,,,,,,,,,,,,,,,,,
"Government Medical College, Wayanad",government-medical-college-wayanad,Government,Kerala,Wayanad,50,,,,FALSE,MBBS,,,,#15803d,,,,,,,,,,,,,,,,,
"Government Medical College, Yadadri",government-medical-college-yadadri,Government,Telangana,Yadadri,50,,,,FALSE,MBBS,,,,#15803d,,,,,,,,,,,,,,,,,
"Government Medical College,Ariyalur",government-medical-college-ariyalur,Government,Tamil Nadu,Ariyalur,150,,,,FALSE,MBBS,,,,#15803d,,,,,,,,,,,,,,,,,
"Government Medical College,Dindigul",government-medical-college-dindigul,Government,Tamil Nadu,Dindigul,150,,,,FALSE,MBBS,,,,#15803d,,,,,,,,,,,,,,,,,
"Government Medical College,Jagtial",government-medical-college-jagtial,Government,Telangana,Jagtial,150,,,,FALSE,MBBS,,,,#15803d,,,,,,,,,,,,,,,,,
Government Medical College Haridwar,government-medical-college-haridwar,Government,Uttarakhand,,100,,,,FALSE,MBBS,,,,#15803d,,,,,,,,,,,,,,,,,
Government Medical College Sawai Madhopur,government-medical-college-sawai-madhopur,Government,Rajasthan,Madhopur,100,,,,FALSE,MBBS,,,,#15803d,,,,,,,,,,,,,,,,,
"Government Medical College, Jajpur (Jkmc), Odisha",government-medical-college-jajpur-jkmc-odisha,Government,Odisha,Odisha,50,,,,FALSE,MBBS,,,,#15803d,,,,,,,,,,,,,,,,,
"Government Medical College, Sirohi, Rajasthan",government-medical-college-sirohi-rajasthan,Government,Rajasthan,Rajasthan,100,,,,FALSE,MBBS,,,,#15803d,,,,,,,,,,,,,,,,,
"Government Siddhartha Medical College, Vijayawada",government-siddhartha-medical-college-vijayawada,Government,andhra Pradesh,Vijayawada,175,,,,FALSE,MBBS,,,,#15803d,,,,,,,,,,,,,,,,,
"Government Sivagangai Medical College, Sivaganga",government-sivagangai-medical-college-sivaganga,Government,Tamil Nadu,Sivaganga,100,,,,FALSE,MBBS,,,,#15803d,,,,,,,,,,,,,,,,,
"Government Tiruvannamalai Medical College, Tiruvannamalai",government-tiruvannamalai-medical-college-tiruvannamalai,Government,Tamil Nadu,Tiruvannamalai,100,,,,FALSE,MBBS,,,,#15803d,,,,,,,,,,,,,,,,,
"Government Vellore Medical College, Vellore",government-vellore-medical-college-vellore,Government,Tamil Nadu,Vellore,100,,,,FALSE,MBBS,,,,#15803d,,,,,,,,,,,,,,,,,
"Government Villupuram Medical College, Villupuram",government-villupuram-medical-college-villupuram,Government,Tamil Nadu,Villupuram,100,,,,FALSE,MBBS,,,,#15803d,,,,,,,,,,,,,,,,,
"Government Medical College, Nandyal, andhra Pradesh",government-medical-college-nandyal-andhra-pradesh,Government,andhra Pradesh,andhra Pradesh,150,,,,FALSE,MBBS,,,,#15803d,,,,,,,,,,,,,,,,,
"Government Medical College, Tonk",government-medical-college-tonk,Government,Rajasthan,Tonk,50,,,,FALSE,MBBS,,,,#15803d,,,,,,,,,,,,,,,,,
"Governmet Medical College, Ongole (Previously, Rajiv Gandhi Institute of Medical Sciences,Ongole, Ap)",governmet-medical-college-ongole-previously-rajiv-gandhi-institute-of-medical-sc,Government,andhra Pradesh,AP),150,,,,FALSE,MBBS,,,,#15803d,,,,,,,,,,,,,,,,,
"Govt Medical College Udhampur, Jammu & Kashmir",govt-medical-college-udhampur-jammu-kashmir,Government,Jammu & Kashmir,Jammu & Kashmir,100,,,,FALSE,MBBS,,,,#15803d,,,,,,,,,,,,,,,,,
"Govt Medical College, Mahasamund",govt-medical-college-mahasamund,Government,Chattisgarh,Mahasamund,125,,,,FALSE,MBBS,,,,#15803d,,,,,,,,,,,,,,,,,
"Govt. Medical College, Doda, Kashmir",govt-medical-college-doda-kashmir,Government,Jammu & Kashmir,Kashmir,150,,,,FALSE,MBBS,,,,#15803d,,,,,,,,,,,,,,,,,
"Govt. Medical College, Kolkata",govt-medical-college-kolkata,Government,West Bengal,Kolkata,250,,,,FALSE,MBBS,,,,#15803d,,,,,,,,,,,,,,,,,
"Govt. Medical College,Pariyaram, Kannur",govt-medical-college-pariyaram-kannur,Government,Kerala,Kannur,100,,,,FALSE,MBBS,,,,#15803d,,,,,,,,,,,,,,,,,
"Govt. Mohan Kumaramangalam Medical College, Salem- 30",govt-mohan-kumaramangalam-medical-college-salem-30,Government,Tamil Nadu,Salem- 30,100,,,,FALSE,MBBS,,,,#15803d,,,,,,,,,,,,,,,,,
"Gulbarga Institute of Medical Sciences, Gulbarga",gulbarga-institute-of-medical-sciences-gulbarga,Government,Karnataka,Gulbarga,200,,,,FALSE,MBBS,,,,#15803d,,,,,,,,,,,,,,,,,
"Guntur Medical College, Guntur",guntur-medical-college-guntur,Government,andhra Pradesh,Guntur,250,,,,FALSE,MBBS,,,,#15803d,,,,,,,,,,,,,,,,,
"Guru Govind Singh Medical College, Faridkot",guru-govind-singh-medical-college-faridkot,Government,Punjab,Faridkot,250,,,,FALSE,MBBS,,,,#15803d,,,,,,,,,,,,,,,,,
"H.B.T. Medical College & Dr. R.N. Cooper Municipal General Hospital, Juhu, Mumba",h-b-t-medical-college-dr-r-n-cooper-municipal-general-hospital-juhu-mumba,Government,Maharashtra,Mumba,200,,,,FALSE,MBBS,,,,#15803d,,,,,,,,,,,,,,,,,
"Hassan Institute of Medical Sciences, Hassan",hassan-institute-of-medical-sciences-hassan,Government,Karnataka,HASSAN,200,,,,FALSE,MBBS,,,,#15803d,,,,,,,,,,,,,,,,,
Haveri Institute of Medical Sciences,haveri-institute-of-medical-sciences,Government,Karnataka,Sciences,150,,,,FALSE,MBBS,,,,#15803d,,,,,,,,,,,,,,,,,
Hazaribagh Medical College Hazaribagh,hazaribagh-medical-college-hazaribagh,Government,Jharkhand,,100,,,,FALSE,MBBS,,,,#15803d,,,,,,,,,,,,,,,,,
"Indira Gandhi Institute of Medical Sciences,Sheikhpura, Patna",indira-gandhi-institute-of-medical-sciences-sheikhpura-patna,Government,Bihar,Patna,150,,,,FALSE,MBBS,,,,#15803d,,,,,,,,,,,,,,,,,
"Indira Gandhi Medical College & Hospital, Nagpur",indira-gandhi-medical-college-hospital-nagpur,Government,Maharashtra,Nagpur,200,,,,FALSE,MBBS,,,,#15803d,,,,,,,,,,,,,,,,,
"Indira Gandhi Medical College & Research Institute, Puducherry",indira-gandhi-medical-college-research-institute-puducherry,Government,Pondicherry,Puducherry,180,,,,FALSE,MBBS,,,,#15803d,,,,,,,,,,,,,,,,,
"Indira Gandhi Medical College, Shimla",indira-gandhi-medical-college-shimla,Government,Himachal Pradesh,Shimla,120,,,,FALSE,MBBS,,,,#15803d,,,,,,,,,,,,,,,,,
"Institute of Postgraduate Medical Education & Research, Kolkata",institute-of-postgraduate-medical-education-research-kolkata,Government,West Bengal,Kolkata,200,,,,FALSE,MBBS,,,,#15803d,,,,,,,,,,,,,,,,,
"Jannayak Karpoori Thakur Medical College and Hospital, Madhepura, Bihar",jannayak-karpoori-thakur-medical-college-and-hospital-madhepura-bihar,Government,Bihar,BIHAR,100,,,,FALSE,MBBS,,,,#15803d,,,,,,,,,,,,,,,,,
"Jalpaiguri Government Medical College and Hospital, Jalpaiguri, West Bengal",jalpaiguri-government-medical-college-and-hospital-jalpaiguri-west-bengal,Government,West Bengal,West Bengal,100,,,,FALSE,MBBS,,,,#15803d,,,,,,,,,,,,,,,,,
Jawaharlal Nehru Institute of Medical Sciences,jawaharlal-nehru-institute-of-medical-sciences,Government,Manipur,Medical Sciences,150,,,,FALSE,MBBS,,,,#15803d,,,,,,,,,,,,,,,,,
"Jawaharlal Nehru Medical College, Ajmer",jawaharlal-nehru-medical-college-ajmer,Government,Rajasthan,Ajmer,250,,,,FALSE,MBBS,,,,#15803d,,,,,,,,,,,,,,,,,
"Jawaharlal Nehru Medical College, Bhagalpur",jawaharlal-nehru-medical-college-bhagalpur,Government,Bihar,Bhagalpur,120,,,,FALSE,MBBS,,,,#15803d,,,,,,,,,,,,,,,,,
"Jhalawar Medical College, Jhalawar",jhalawar-medical-college-jhalawar,Government,Rajasthan,Jhalawar,200,,,,FALSE,MBBS,,,,#15803d,,,,,,,,,,,,,,,,,
"Jhargram Government Medical College and Hospital, Wb",jhargram-government-medical-college-and-hospital-wb,Government,West Bengal,WB,100,,,,FALSE,MBBS,,,,#15803d,,,,,,,,,,,,,,,,,
Jorhat Medical College and Hospital,jorhat-medical-college-and-hospital,Government,Assam,Hospital,125,,,,FALSE,MBBS,,,,#15803d,,,,,,,,,,,,,,,,,
"K A P Viswanathan Government Medical College, Trichy",k-a-p-viswanathan-government-medical-college-trichy,Government,Tamil Nadu,Trichy,150,,,,FALSE,MBBS,,,,#15803d,,,,,,,,,,,,,,,,,
"Kakatiya Medical College, Warangal",kakatiya-medical-college-warangal,Government,Telangana,Warangal,250,,,,FALSE,MBBS,,,,#15803d,,,,,,,,,,,,,,,,,
"Kalpana Chawala Govt. Medical College, Karnal, Haryana",kalpana-chawala-govt-medical-college-karnal-haryana,Government,Haryana,Haryana,120,,,,FALSE,MBBS,,,,#15803d,,,,,,,,,,,,,,,,,
"Kalyan Singh Government Medical College, Bulandshahr, Up",kalyan-singh-government-medical-college-bulandshahr-up,Government,Uttar Pradesh,UP,100,,,,FALSE,MBBS,,,,#15803d,,,,,,,,,,,,,,,,,
"Kanyakumari Government Medical College, Asaripallam",kanyakumari-government-medical-college-asaripallam,Government,Tamil Nadu,Asaripallam,150,,,,FALSE,MBBS,,,,#15803d,,,,,,,,,,,,,,,,,
"Karnataka Institute of Medical Sciences, Hubballi",karnataka-institute-of-medical-sciences-hubballi,Government,Karnataka,Hubballi,200,,,,FALSE,MBBS,,,,#15803d,,,,,,,,,,,,,,,,,
"Karwar Institute of Medical Sciences, Karwar",karwar-institute-of-medical-sciences-karwar,Government,Karnataka,Karwar,150,,,,FALSE,MBBS,,,,#15803d,,,,,,,,,,,,,,,,,
"Kilpauk Medical College, Chennai",kilpauk-medical-college-chennai,Government,Tamil Nadu,Chennai,150,,,,FALSE,MBBS,,,,#15803d,,,,,,,,,,,,,,,,,
"King George Medical University, Lucknow",king-george-medical-university-lucknow,Government,Uttar Pradesh,Lucknow,250,,,,FALSE,MBBS,,,,#15803d,,,,,,,,,,,,,,,,,
"Kodagu Institute of Medical Sciences, Kodagu",kodagu-institute-of-medical-sciences-kodagu,Government,Karnataka,Kodagu,150,,,,FALSE,MBBS,,,,#15803d,,,,,,,,,,,,,,,,,
"Kokrajhar Medical College, Assam",kokrajhar-medical-college-assam,Government,Assam,Assam,100,,,,FALSE,MBBS,,,,#15803d,,,,,,,,,,,,,,,,,
"Koppal Institute of Medical Sciences, Koppal",koppal-institute-of-medical-sciences-koppal,Government,Karnataka,Koppal,150,,,,FALSE,MBBS,,,,#15803d,,,,,,,,,,,,,,,,,
"Kurnool Medical College, Kurnool",kurnool-medical-college-kurnool,Government,andhra Pradesh,Kurnool,250,,,,FALSE,MBBS,,,,#15803d,,,,,,,,,,,,,,,,,
Lakhimpur Medical College,lakhimpur-medical-college,Government,Assam,Dibrugarh,100,,,,FALSE,MBBS,,,,#15803d,,,,,,,,,,,,,,,,,
"Llrm Medical College, Meerut",llrm-medical-college-meerut,Government,Uttar Pradesh,Meerut,150,,,,FALSE,MBBS,,,,#15803d,,,,,,,,,,,,,,,,,
"Lady Hardinge Medical College, New Delhi",lady-hardinge-medical-college-new-delhi,Government,Delhi,New Delhi,240,,,,FALSE,MBBS,,,,#15803d,,,,,,,,,,,,,,,,,
"Late Shri Baliram Kashyap Memorial Ndmc Govt. Medical College, Jagdalpur",late-shri-baliram-kashyap-memorial-ndmc-govt-medical-college-jagdalpur,Government,Chattisgarh,Jagdalpur,125,,,,FALSE,MBBS,,,,#15803d,,,,,,,,,,,,,,,,,
"Late Shri Lakhi Ram Agrawal Memorial Govt. Medical College, Raigarh",late-shri-lakhi-ram-agrawal-memorial-govt-medical-college-raigarh,Government,Chattisgarh,Raigarh,100,,,,FALSE,MBBS,,,,#15803d,,,,,,,,,,,,,,,,,
Late. Bisahu Das Mahant Memorial Medical College Korba C.G.,late-bisahu-das-mahant-memorial-medical-college-korba-c-g,Government,Chattisgarh,Korba,125,,,,FALSE,MBBS,,,,#15803d,,,,,,,,,,,,,,,,,
"Lokmanya Tilak Municipal Medical College, Sion, Mumbai",lokmanya-tilak-municipal-medical-college-sion-mumbai,Government,Maharashtra,Mumbai,200,,,,FALSE,MBBS,,,,#15803d,,,,,,,,,,,,,,,,,
"M G M Medical College, Indore",m-g-m-medical-college-indore,Government,Madhya Pradesh,Indore,250,,,,FALSE,MBBS,,,,#15803d,,,,,,,,,,,,,,,,,
"M G M Medical College, Jamshedpur",m-g-m-medical-college-jamshedpur,Government,Jharkhand,Jamshedpur,150,,,,FALSE,MBBS,,,,#15803d,,,,,,,,,,,,,,,,,
Mahatma Vidur Autonomous State Medical College Bijnor  Up,mahatma-vidur-autonomous-state-medical-college-bijnor-up,Government,Uttar Pradesh,College,100,,,,FALSE,MBBS,,,,#15803d,,,,,,,,,,,,,,,,,
"Medical College, Baroda",medical-college-baroda,Government,Gujarat,BARODA,250,,,,FALSE,MBBS,,,,#15803d,,,,,,,,,,,,,,,,,
"Mkcg Medical College, Berhampur",mkcg-medical-college-berhampur,Government,Odisha,Berhampur,250,,,,FALSE,MBBS,,,,#15803d,,,,,,,,,,,,,,,,,
"Mp Shah Medical College, Jamnagar",mp-shah-medical-college-jamnagar,Government,Gujarat,JAMNAGAR,250,,,,FALSE,MBBS,,,,#15803d,,,,,,,,,,,,,,,,,
"Mysore Medical College and Research Institute, Mysuru",mysore-medical-college-and-research-institute-mysuru,Government,Karnataka,MYSURU,250,,,,FALSE,MBBS,,,,#15803d,,,,,,,,,,,,,,,,,
"Madras Medical College, Chennai",madras-medical-college-chennai,Government,Tamil Nadu,Chennai,250,,,,FALSE,MBBS,,,,#15803d,,,,,,,,,,,,,,,,,
"Madurai Medical College, Madurai",madurai-medical-college-madurai,Government,Tamil Nadu,Madurai,250,,,,FALSE,MBBS,,,,#15803d,,,,,,,,,,,,,,,,,
"Mahamaya Rajkiya Allopathic Medical College, Ambedkarnagar",mahamaya-rajkiya-allopathic-medical-college-ambedkarnagar,Government,Uttar Pradesh,Ambedkarnagar,100,,,,FALSE,MBBS,,,,#15803d,,,,,,,,,,,,,,,,,
"Maharani Laxmi Bai Medical College, Jhansi",maharani-laxmi-bai-medical-college-jhansi,Government,Uttar Pradesh,Jhansi,150,,,,FALSE,MBBS,,,,#15803d,,,,,,,,,,,,,,,,,
"Maharishi Chyawan Medical College, Koriawas",maharishi-chyawan-medical-college-koriawas,Government,Haryana,Koriawas,100,,,,FALSE,MBBS,,,,#15803d,,,,,,,,,,,,,,,,,
"Maharshi Devraha Baba Autonomous State Medical College, Deoria",maharshi-devraha-baba-autonomous-state-medical-college-deoria,Government,Uttar Pradesh,Deoria,100,,,,FALSE,MBBS,,,,#15803d,,,,,,,,,,,,,,,,,
"Mahatma Gandhi Institute of Medical Sciences, Sevagram, Wardha",mahatma-gandhi-institute-of-medical-sciences-sevagram-wardha,Government,Maharashtra,Wardha,100,,,,FALSE,MBBS,,,,#15803d,,,,,,,,,,,,,,,,,
"Malda Medical College & Hospital, Malda",malda-medical-college-hospital-malda,Government,West Bengal,Malda,125,,,,FALSE,MBBS,,,,#15803d,,,,,,,,,,,,,,,,,
"Mandya Institute of Medical Sciences, Mandya",mandya-institute-of-medical-sciences-mandya,Government,Karnataka,Mandya,150,,,,FALSE,MBBS,,,,#15803d,,,,,,,,,,,,,,,,,
"Medical College, Thiruvananthapuram",medical-college-thiruvananthapuram,Government,Kerala,Thiruvananthapuram,250,,,,FALSE,MBBS,,,,#15803d,,,,,,,,,,,,,,,,,
"Medinirai Medical College & Hospital, Palamu",medinirai-medical-college-hospital-palamu,Government,Jharkhand,Palamu,100,,,,FALSE,MBBS,,,,#15803d,,,,,,,,,,,,,,,,,
"Midnapore Medical College, Midnapore",midnapore-medical-college-midnapore,Government,West Bengal,Midnapore,200,,,,FALSE,MBBS,,,,#15803d,,,,,,,,,,,,,,,,,
"Moti Lal Nehru Medical College, Allahabad",moti-lal-nehru-medical-college-allahabad,Government,Uttar Pradesh,Allahabad,200,,,,FALSE,MBBS,,,,#15803d,,,,,,,,,,,,,,,,,
"Murshidabad Medical College & Hospitals, Murshidabad",murshidabad-medical-college-hospitals-murshidabad,Government,West Bengal,Murshidabad,125,,,,FALSE,MBBS,,,,#15803d,,,,,,,,,,,,,,,,,
"Namo Medical Education and Research Institute, Silvassa",namo-medical-education-and-research-institute-silvassa,Government,Dadra and Nagar Haveli,Silvassa,177,,,,FALSE,MBBS,,,,#15803d,,,,,,,,,,,,,,,,,
"Nagaland Institute of Medical Sciences and Research, Nagaland",nagaland-institute-of-medical-sciences-and-research-nagaland,Government,Nagaland,Nagaland,100,,,,FALSE,MBBS,,,,#15803d,,,,,,,,,,,,,,,,,
Nagaon Medical College,nagaon-medical-college,Government,Assam,Dibrugarh,100,,,,FALSE,MBBS,,,,#15803d,,,,,,,,,,,,,,,,,
"Nalanda Medical College, Patna",nalanda-medical-college-patna,Government,Bihar,Patna,150,,,,FALSE,MBBS,,,,#15803d,,,,,,,,,,,,,,,,,
"Nalbari Medical College and Hospital, Assam",nalbari-medical-college-and-hospital-assam,Government,Assam,Assam,100,,,,FALSE,MBBS,,,,#15803d,,,,,,,,,,,,,,,,,
"Netaji Subhash Chandra Bose Medical College, Jabalpur",netaji-subhash-chandra-bose-medical-college-jabalpur,Government,Madhya Pradesh,Jabalpur,250,,,,FALSE,MBBS,,,,#15803d,,,,,,,,,,,,,,,,,
"Nilratan Sircar Medical College, Kolkata",nilratan-sircar-medical-college-kolkata,Government,West Bengal,Kolkata,250,,,,FALSE,MBBS,,,,#15803d,,,,,,,,,,,,,,,,,
"North Bengal Medical College, Darjeeling",north-bengal-medical-college-darjeeling,Government,West Bengal,Darjeeling,200,,,,FALSE,MBBS,,,,#15803d,,,,,,,,,,,,,,,,,
"North Delhi Muncipal Corporation Medical College, Delhi",north-delhi-muncipal-corporation-medical-college-delhi,Government,Delhi,Delhi,60,,,,FALSE,MBBS,,,,#15803d,,,,,,,,,,,,,,,,,
"North Eastern Indira Gandhi Regional Instt. of Health and Medical Sciences, Shil",north-eastern-indira-gandhi-regional-instt-of-health-and-medical-sciences-shil,Government,Meghalaya,Shil,50,,,,FALSE,MBBS,,,,#15803d,,,,,,,,,,,,,,,,,
"Osmania Medical College, Hyderabad",osmania-medical-college-hyderabad,Government,Telangana,Hyderabad,250,,,,FALSE,MBBS,,,,#15803d,,,,,,,,,,,,,,,,,
"Pabitra Mohan Pradhan Medical College, Talcher",pabitra-mohan-pradhan-medical-college-talcher,Government,Odisha,TALCHER,100,,,,FALSE,MBBS,,,,#15803d,,,,,,,,,,,,,,,,,
"Pt Neki Ram Sharma Government Medical College, Bhiwani",pt-neki-ram-sharma-government-medical-college-bhiwani,Government,Haryana,BHIWANI,100,,,,FALSE,MBBS,,,,#15803d,,,,,,,,,,,,,,,,,
"Pandit Deendayal Upadhyay Medical College, Rajkot",pandit-deendayal-upadhyay-medical-college-rajkot,Government,Gujarat,Rajkot,200,,,,FALSE,MBBS,,,,#15803d,,,,,,,,,,,,,,,,,
"Patliputra Medical College, Dhanbad",patliputra-medical-college-dhanbad,Government,Jharkhand,Dhanbad,100,,,,FALSE,MBBS,,,,#15803d,,,,,,,,,,,,,,,,,
"Patna Medical College, Patna",patna-medical-college-patna,Government,Bihar,Patna,200,,,,FALSE,MBBS,,,,#15803d,,,,,,,,,,,,,,,,,
Prafulla Chandra Sen Government Medical College and Hospital,prafulla-chandra-sen-government-medical-college-and-hospital,Government,West Bengal,College,100,,,,FALSE,MBBS,,,,#15803d,,,,,,,,,,,,,,,,,
Pragjyotishpur Medical College,pragjyotishpur-medical-college,Government,Assam,Dibrugarh,100,,,,FALSE,MBBS,,,,#15803d,,,,,,,,,,,,,,,,,
"Pt B D Sharma Post Graduate Institute of Medical Sciences, Rohtak",pt-b-d-sharma-post-graduate-institute-of-medical-sciences-rohtak,Government,Haryana,Rohtak,250,,,,FALSE,MBBS,,,,#15803d,,,,,,,,,,,,,,,,,
"Pt. J N M Medical College, Raipur",pt-j-n-m-medical-college-raipur,Government,Chattisgarh,Raipur,230,,,,FALSE,MBBS,,,,#15803d,,,,,,,,,,,,,,,,,
"Pt. Jawahar Lal Nehru Government Medical College, Chamba",pt-jawahar-lal-nehru-government-medical-college-chamba,Government,Himachal Pradesh,Chamba,120,,,,FALSE,MBBS,,,,#15803d,,,,,,,,,,,,,,,,,
"Pt. Raghunath Murmu Medical College and Hospital, Baripada, Odisha",pt-raghunath-murmu-medical-college-and-hospital-baripada-odisha,Government,Odisha,Odisha,125,,,,FALSE,MBBS,,,,#15803d,,,,,,,,,,,,,,,,,
Purulia Government Medical College & Hospital,purulia-government-medical-college-hospital,Government,West Bengal,& Hospital,150,,,,FALSE,MBBS,,,,#15803d,,,,,,,,,,,,,,,,,
"R N T Medical College,  Udaipur",r-n-t-medical-college-udaipur,Government,Rajasthan,Udaipur,250,,,,FALSE,MBBS,,,,#15803d,,,,,,,,,,,,,,,,,
"Rangaraya Medical College, Kakinada",rangaraya-medical-college-kakinada,Government,andhra Pradesh,KAKINADA,250,,,,FALSE,MBBS,,,,#15803d,,,,,,,,,,,,,,,,,
"Rg Kar Medical College, Kolkata",rg-kar-medical-college-kolkata,Government,West Bengal,Kolkata,249,,,,FALSE,MBBS,,,,#15803d,,,,,,,,,,,,,,,,,
"Ruhs College of Medical Sciences, Jaipur",ruhs-college-of-medical-sciences-jaipur,Government,Rajasthan,Jaipur,150,,,,FALSE,MBBS,,,,#15803d,,,,,,,,,,,,,,,,,
"Raichur Institute of Medical Science, Raichur",raichur-institute-of-medical-science-raichur,Government,Karnataka,Raichur,200,,,,FALSE,MBBS,,,,#15803d,,,,,,,,,,,,,,,,,
"Raiganj Government Medical College & Hospital, Raiganj",raiganj-government-medical-college-hospital-raiganj,Government,West Bengal,Raiganj,150,,,,FALSE,MBBS,,,,#15803d,,,,,,,,,,,,,,,,,
"Rajah Muthiah Medical College, Annamalainagar",rajah-muthiah-medical-college-annamalainagar,Government,Tamil Nadu,Annamalainagar,150,,,,FALSE,MBBS,,,,#15803d,,,,,,,,,,,,,,,,,
"Rajashree Chatrapati Shahu Maharaj Government Medical College, Kolhapur",rajashree-chatrapati-shahu-maharaj-government-medical-college-kolhapur,Government,Maharashtra,Kolhapur,150,,,,FALSE,MBBS,,,,#15803d,,,,,,,,,,,,,,,,,
"Rajendra Institute of Medical Sciences, Ranchi",rajendra-institute-of-medical-sciences-ranchi,Government,Jharkhand,Ranchi,180,,,,FALSE,MBBS,,,,#15803d,,,,,,,,,,,,,,,,,
"Rajiv Gandhi Institute of Medical Sciences, Adilabad",rajiv-gandhi-institute-of-medical-sciences-adilabad,Government,Telangana,adilabad,120,,,,FALSE,MBBS,,,,#15803d,,,,,,,,,,,,,,,,,
"Rajiv Gandhi Medical College and Chhatrapati Shivaji Maharaj Hospital, Thane",rajiv-gandhi-medical-college-and-chhatrapati-shivaji-maharaj-hospital-thane,Government,Maharashtra,Thane,100,,,,FALSE,MBBS,,,,#15803d,,,,,,,,,,,,,,,,,
"Rajkiya Allopathic Medical College, Bahraich, Up",rajkiya-allopathic-medical-college-bahraich-up,Government,Uttar Pradesh,UP,100,,,,FALSE,MBBS,,,,#15803d,,,,,,,,,,,,,,,,,
"Rajkiya Medical College Jalaun, Orai, Uttar Pradesh",rajkiya-medical-college-jalaun-orai-uttar-pradesh,Government,Uttar Pradesh,Uttar Pradesh,100,,,,FALSE,MBBS,,,,#15803d,,,,,,,,,,,,,,,,,
"Rampurhat Government Medical College & Hospital, Rampurhat",rampurhat-government-medical-college-hospital-rampurhat,Government,West Bengal,Rampurhat,150,,,,FALSE,MBBS,,,,#15803d,,,,,,,,,,,,,,,,,
Regional Institute of Medical Sciences,regional-institute-of-medical-sciences,Government,Manipur,Sciences,125,,,,FALSE,MBBS,,,,#15803d,,,,,,,,,,,,,,,,,
"S N Medical College, Agra",s-n-medical-college-agra,Government,Uttar Pradesh,Agra,200,,,,FALSE,MBBS,,,,#15803d,,,,,,,,,,,,,,,,,
"S V Medical College, Tirupati",s-v-medical-college-tirupati,Government,andhra Pradesh,Tirupati,240,,,,FALSE,MBBS,,,,#15803d,,,,,,,,,,,,,,,,,
"Scb Medical College, Cuttack",scb-medical-college-cuttack,Government,Odisha,Cuttack,250,,,,FALSE,MBBS,,,,#15803d,,,,,,,,,,,,,,,,,
"Sms Medical College, Jaipur",sms-medical-college-jaipur,Government,Rajasthan,Jaipur,250,,,,FALSE,MBBS,,,,#15803d,,,,,,,,,,,,,,,,,
"Srtr Medical College, Ambajogai",srtr-medical-college-ambajogai,Government,Maharashtra,Ambajogai,150,,,,FALSE,MBBS,,,,#15803d,,,,,,,,,,,,,,,,,
"Svims-Sri Padmavathi Medical College For Women, Svims Campus, Alipiri Road, Tiru",svims-sri-padmavathi-medical-college-for-women-svims-campus-alipiri-road-tiru,Government,andhra Pradesh,TIRU,175,,,,FALSE,MBBS,,,,#15803d,,,,,,,,,,,,,,,,,
"Saheed Laxman Nayak Medical College & Hospital, Koraput",saheed-laxman-nayak-medical-college-hospital-koraput,Government,Odisha,Koraput,125,,,,FALSE,MBBS,,,,#15803d,,,,,,,,,,,,,,,,,
"Saheed Rendo Majhi Medical College and Hospital, Bhawanipatna, Kalahandi, Odisha",saheed-rendo-majhi-medical-college-and-hospital-bhawanipatna-kalahandi-odisha,Government,Odisha,Odisha,100,,,,FALSE,MBBS,,,,#15803d,,,,,,,,,,,,,,,,,
"Sarat Chandra Chattopadhyay Government Medical College & Hospital, Uluberia",sarat-chandra-chattopadhyay-government-medical-college-hospital-uluberia,Government,West Bengal,Uluberia,100,,,,FALSE,MBBS,,,,#15803d,,,,,,,,,,,,,,,,,
"Sardar Patel Medical College, Bikaner",sardar-patel-medical-college-bikaner,Government,Rajasthan,Bikaner,250,,,,FALSE,MBBS,,,,#15803d,,,,,,,,,,,,,,,,,
"Shaheed Hasan Khan Mewati Government Medical College, Nalhar",shaheed-hasan-khan-mewati-government-medical-college-nalhar,Government,Haryana,Nalhar,120,,,,FALSE,MBBS,,,,#15803d,,,,,,,,,,,,,,,,,
"Shaikh-Ul-Hind Maulana Mahmood Hasan Medical College, Saharanpur",shaikh-ul-hind-maulana-mahmood-hasan-medical-college-saharanpur,Government,Uttar Pradesh,Saharanpur,100,,,,FALSE,MBBS,,,,#15803d,,,,,,,,,,,,,,,,,
"Sher-I-Kashmir Instt. of Medical Sciences, Srinagar",sher-i-kashmir-instt-of-medical-sciences-srinagar,Government,Jammu & Kashmir,Srinagar,125,,,,FALSE,MBBS,,,,#15803d,,,,,,,,,,,,,,,,,
Shillong Medical College,shillong-medical-college,Government,Meghalaya,Dibrugarh,50,,,,FALSE,MBBS,,,,#15803d,,,,,,,,,,,,,,,,,
"Shimoga Institute of Medical Sciences, Shimoga",shimoga-institute-of-medical-sciences-shimoga,Government,Karnataka,Shimoga,150,,,,FALSE,MBBS,,,,#15803d,,,,,,,,,,,,,,,,,
"Shri Atal Bihari Vajapayee Medical College and Research Institute, Bengaluru,",shri-atal-bihari-vajapayee-medical-college-and-research-institute-bengaluru,Government,Karnataka,Research,200,,,,FALSE,MBBS,,,,#15803d,,,,,,,,,,,,,,,,,
"Shri Atal Bihari Vajpayee Government Medical College, Faridabad",shri-atal-bihari-vajpayee-government-medical-college-faridabad,Government,Haryana,Faridabad,100,,,,FALSE,MBBS,,,,#15803d,,,,,,,,,,,,,,,,,
"Shri Kalyan Govt. Medical College, Sikar, Rajasthan",shri-kalyan-govt-medical-college-sikar-rajasthan,Government,Rajasthan,Rajasthan,100,,,,FALSE,MBBS,,,,#15803d,,,,,,,,,,,,,,,,,
"Shri Krishna Medical College, Muzzafarpur",shri-krishna-medical-college-muzzafarpur,Government,Bihar,Muzzafarpur,120,,,,FALSE,MBBS,,,,#15803d,,,,,,,,,,,,,,,,,
"Shri Lal Bahadur Shastri Government Medical College, Mandi, Hp",shri-lal-bahadur-shastri-government-medical-college-mandi-hp,Government,Himachal Pradesh,HP,120,,,,FALSE,MBBS,,,,#15803d,,,,,,,,,,,,,,,,,
"Shri Vasant Rao Naik Govt. Medical College, Yavatmal",shri-vasant-rao-naik-govt-medical-college-yavatmal,Government,Maharashtra,Yavatmal,200,,,,FALSE,MBBS,,,,#15803d,,,,,,,,,,,,,,,,,
"Shyam Shah Medical College, Rewa",shyam-shah-medical-college-rewa,Government,Madhya Pradesh,Rewa,150,,,,FALSE,MBBS,,,,#15803d,,,,,,,,,,,,,,,,,
"Silchar Medical College, Silchar",silchar-medical-college-silchar,Government,Assam,Silchar,150,,,,FALSE,MBBS,,,,#15803d,,,,,,,,,,,,,,,,,
"Soban Singh Jeena Government Institute of Medical Science & Research, Almora",soban-singh-jeena-government-institute-of-medical-science-research-almora,Government,Uttarakhand,Almora,100,,,,FALSE,MBBS,,,,#15803d,,,,,,,,,,,,,,,,,
"Sri Bhausaheb Hire Government Medical College, Dhule",sri-bhausaheb-hire-government-medical-college-dhule,Government,Maharashtra,Dhule,150,,,,FALSE,MBBS,,,,#15803d,,,,,,,,,,,,,,,,,
"Sri Jagannath Medical College & Hospital, Puri",sri-jagannath-medical-college-hospital-puri,Government,Odisha,Puri,100,,,,FALSE,MBBS,,,,#15803d,,,,,,,,,,,,,,,,,
"Stanley Medical College, Chennai",stanley-medical-college-chennai,Government,Tamil Nadu,Chennai,250,,,,FALSE,MBBS,,,,#15803d,,,,,,,,,,,,,,,,,
"Sunderlal Patwa Government Medical College, Mandsaur",sunderlal-patwa-government-medical-college-mandsaur,Government,Madhya Pradesh,Mandsaur,100,,,,FALSE,MBBS,,,,#15803d,,,,,,,,,,,,,,,,,
"T D Medical College, Alleppey (Allappuzha)",t-d-medical-college-alleppey-allappuzha,Government,Kerala,Alleppey (Allappuzha),175,,,,FALSE,MBBS,,,,#15803d,,,,,,,,,,,,,,,,,
Tamralipto Government Medical College & Hospital,tamralipto-government-medical-college-hospital,Government,West Bengal,& Hospital,100,,,,FALSE,MBBS,,,,#15803d,,,,,,,,,,,,,,,,,
Tezpur Medical College,tezpur-medical-college,Government,Assam,Dibrugarh,125,,,,FALSE,MBBS,,,,#15803d,,,,,,,,,,,,,,,,,
"Thanjavur Medical College,Thanjavur",thanjavur-medical-college-thanjavur,Government,Tamil Nadu,Thanjavur,150,,,,FALSE,MBBS,,,,#15803d,,,,,,,,,,,,,,,,,
"Theni Government Medical College,Theni",theni-government-medical-college-theni,Government,Tamil Nadu,Theni,100,,,,FALSE,MBBS,,,,#15803d,,,,,,,,,,,,,,,,,
"Thiruvarur Govt. Medical College, Thiruvarur",thiruvarur-govt-medical-college-thiruvarur,Government,Tamil Nadu,Thiruvarur,100,,,,FALSE,MBBS,,,,#15803d,,,,,,,,,,,,,,,,,
"Thoothukudi Medical College, Thoothukudi",thoothukudi-medical-college-thoothukudi,Government,Tamil Nadu,Thoothukudi,150,,,,FALSE,MBBS,,,,#15803d,,,,,,,,,,,,,,,,,
Tinsukia Medical College,tinsukia-medical-college,Government,Assam,Dibrugarh,100,,,,FALSE,MBBS,,,,#15803d,,,,,,,,,,,,,,,,,
"Tirunelveli Medical College,Tirunelveli",tirunelveli-medical-college-tirunelveli,Government,Tamil Nadu,Tirunelveli,250,,,,FALSE,MBBS,,,,#15803d,,,,,,,,,,,,,,,,,
"Tomo Riba Institute of Health & Medical Sciences, Naharlagun",tomo-riba-institute-of-health-medical-sciences-naharlagun,Government,Arunachal Pradesh,Naharlagun,100,,,,FALSE,MBBS,,,,#15803d,,,,,,,,,,,,,,,,,
"Topiwala National Medical College, Mumbai",topiwala-national-medical-college-mumbai,Government,Maharashtra,Mumbai,150,,,,FALSE,MBBS,,,,#15803d,,,,,,,,,,,,,,,,,
Uma Nath Singh Autonomous State Medical College Society Jaunpur,uma-nath-singh-autonomous-state-medical-college-society-jaunpur,Government,Uttar Pradesh,College,100,,,,FALSE,MBBS,,,,#15803d,,,,,,,,,,,,,,,,,
"University College of Medical Sciences & Gtb Hospital, New Delhi",university-college-of-medical-sciences-gtb-hospital-new-delhi,Government,Delhi,New Delhi,169,,,,FALSE,MBBS,,,,#15803d,,,,,,,,,,,,,,,,,
"Uttar Pradesh University of Medical Sciences, (Prev. Up Rural Inst.of Med.Sc&R)",uttar-pradesh-university-of-medical-sciences-prev-up-rural-inst-of-med-sc-r,Government,Uttar Pradesh,(Prev. UP Rural Inst.of Med.Sc&R),200,,,,FALSE,MBBS,,,,#15803d,,,,,,,,,,,,,,,,,
Vardhaman Mahavir Medical College and Safdarjung Hospital,vardhaman-mahavir-medical-college-and-safdarjung-hospital,Government,Delhi,,170,,,,FALSE,MBBS,,,,#15803d,,,,,,,,,,,,,,,,,
"Veer Chandra Singh Garhwali Govt. Medical Sc. & Research Instt, Srinagar, Pauri",veer-chandra-singh-garhwali-govt-medical-sc-research-instt-srinagar-pauri,Government,Uttarakhand,Pauri,150,,,,FALSE,MBBS,,,,#15803d,,,,,,,,,,,,,,,,,
"Veer Surendra Sai Institute of Medical Sciences and Research, Burla",veer-surendra-sai-institute-of-medical-sciences-and-research-burla,Government,Odisha,Burla,200,,,,FALSE,MBBS,,,,#15803d,,,,,,,,,,,,,,,,,
"Vijaynagar Institute of Medical Sciences, Bellary",vijaynagar-institute-of-medical-sciences-bellary,Government,Karnataka,Bellary,250,,,,FALSE,MBBS,,,,#15803d,,,,,,,,,,,,,,,,,
Virendra Kumar Sakhlecha Government Medical College,virendra-kumar-sakhlecha-government-medical-college,Government,Madhya Pradesh,Medical College,100,,,,FALSE,MBBS,,,,#15803d,,,,,,,,,,,,,,,,,
Yadgiri Institute of Medical Sciences,yadgiri-institute-of-medical-sciences,Government,Karnataka,Sciences,150,,,,FALSE,MBBS,,,,#15803d,,,,,,,,,,,,,,,,,
Zoram Medical College,zoram-medical-college,Government,Mizoram,Dibrugarh,100,,,,FALSE,MBBS,,,,#15803d,,,,,,,,,,,,,,,,,
"Government Medical College,Wanaparthy",government-medical-college-wanaparthy,Government,Telangana,wanaparthy,150,,,,FALSE,MBBS,,,,#15803d,,,,,,,,,,,,,,,,,
Gmers Medical College Gandhinagar,gmers-medical-college-gandhinagar,Govt. Society,Gujarat,,200,,,,FALSE,MBBS,,,,#15803d,,,,,,,,,,,,,,,,,
Gmers Medical College Gotri Vadodara,gmers-medical-college-gotri-vadodara,Govt. Society,Gujarat,Vadodara,200,,,,FALSE,MBBS,,,,#15803d,,,,,,,,,,,,,,,,,
"Gmers Medical College, Valsad",gmers-medical-college-valsad,Govt. Society,Gujarat,VALSAD,200,,,,FALSE,MBBS,,,,#15803d,,,,,,,,,,,,,,,,,
"Gmers Medical College, Dharpur Patan",gmers-medical-college-dharpur-patan,Govt. Society,Gujarat,Dharpur Patan,200,,,,FALSE,MBBS,,,,#15803d,,,,,,,,,,,,,,,,,
"Gmers Medical College, Hadiyol, Himmatnagar",gmers-medical-college-hadiyol-himmatnagar,Govt. Society,Gujarat,Himmatnagar,200,,,,FALSE,MBBS,,,,#15803d,,,,,,,,,,,,,,,,,
"Gmers Medical College, Junagadh",gmers-medical-college-junagadh,Govt. Society,Gujarat,Junagadh,200,,,,FALSE,MBBS,,,,#15803d,,,,,,,,,,,,,,,,,
"Gmers Medical College, Sola, Ahmedabad",gmers-medical-college-sola-ahmedabad,Govt. Society,Gujarat,Ahmedabad,200,,,,FALSE,MBBS,,,,#15803d,,,,,,,,,,,,,,,,,
"Gmers Medical College, Vadnagar, Mehsana",gmers-medical-college-vadnagar-mehsana,Govt. Society,Gujarat,Mehsana,200,,,,FALSE,MBBS,,,,#15803d,,,,,,,,,,,,,,,,,
"Maharaja Agrasen Medical College, Agroha",maharaja-agrasen-medical-college-agroha,Govt. Society,Haryana,Agroha,100,,,,FALSE,MBBS,,,,#15803d,,,,,,,,,,,,,,,,,
"Narendra Modi Medical College, Ahmedabad",narendra-modi-medical-college-ahmedabad,Govt. Society,Gujarat,Ahmedabad,200,,,,FALSE,MBBS,,,,#15803d,,,,,,,,,,,,,,,,,
"Smt. N.H.L.Municipal Medical College, Ahmedabad",smt-n-h-l-municipal-medical-college-ahmedabad,Govt. Society,Gujarat,Ahmedabad,250,,,,FALSE,MBBS,,,,#15803d,,,,,,,,,,,,,,,,,
"Surat Municipal Institute of  Medical Education & Research, Surat",surat-municipal-institute-of-medical-education-research-surat,Govt. Society,Gujarat,Surat,250,,,,FALSE,MBBS,,,,#15803d,,,,,,,,,,,,,,,,,
"Acs Medical College and Hospital, Chennai",acs-medical-college-and-hospital-chennai,Deemed,Tamil Nadu,Chennai,250,,,,FALSE,MBBS,,,,#c2410c,,,,,,,,,,,,,,,,,
"Amrita School of Medicine, Faridabad",amrita-school-of-medicine-faridabad,Deemed,Haryana,FARIDABAD,150,,,,FALSE,MBBS,,,,#c2410c,,,,,,,,,,,,,,,,,
"Aarupadai Veedu Medical College, Pondicherry",aarupadai-veedu-medical-college-pondicherry,Deemed,Pondicherry,Pondicherry,150,,,,FALSE,MBBS,,,,#c2410c,,,,,,,,,,,,,,,,,
"Amrita School of Medicine, Elamkara, Kochi",amrita-school-of-medicine-elamkara-kochi,Deemed,Kerala,Kochi,149,,,,FALSE,MBBS,,,,#c2410c,,,,,,,,,,,,,,,,,
Bhaarat Medical College & Hospital,bhaarat-medical-college-hospital,Deemed,Tamil Nadu,Hospital,250,,,,FALSE,MBBS,,,,#c2410c,,,,,,,,,,,,,,,,,
"Bharati Vidyapeeth Deemed University Medical College & Hospital, Sangli",bharati-vidyapeeth-deemed-university-medical-college-hospital-sangli,Deemed,Maharashtra,Sangli,250,,,,FALSE,MBBS,,,,#c2410c,,,,,,,,,,,,,,,,,
"Bharati Vidyapeeth University Medical College, Pune",bharati-vidyapeeth-university-medical-college-pune,Deemed,Maharashtra,Pune,250,,,,FALSE,MBBS,,,,#c2410c,,,,,,,,,,,,,,,,,
"Chettinad Hospital & Research Institute, Kanchipuram",chettinad-hospital-research-institute-kanchipuram,Deemed,Tamil Nadu,Kanchipuram,250,,,,FALSE,MBBS,,,,#c2410c,,,,,,,,,,,,,,,,,
"D. Y. Patil University, School of Medicine",d-y-patil-university-school-of-medicine,Deemed,Maharashtra,School of Medicine,100,,,,FALSE,MBBS,,,,#c2410c,,,,,,,,,,,,,,,,,
"Datta Meghe Medical College, Nagpur",datta-meghe-medical-college-nagpur,Deemed,Maharashtra,Nagpur,250,,,,FALSE,MBBS,,,,#c2410c,,,,,,,,,,,,,,,,,
Dr D Y Patil Medical College Hospital and Research Centre Pimpri Pune,dr-d-y-patil-medical-college-hospital-and-research-centre-pimpri-pune,Deemed,Maharashtra,Centre,250,,,,FALSE,MBBS,,,,#c2410c,,,,,,,,,,,,,,,,,
"Dr. D Y Patil Medical College, Kolhapur",dr-d-y-patil-medical-college-kolhapur,Deemed,Maharashtra,Kolhapur,150,,,,FALSE,MBBS,,,,#c2410c,,,,,,,,,,,,,,,,,
"Faculty of Medicine , Sri Lalithambigai Medical College and Hospital",faculty-of-medicine-sri-lalithambigai-medical-college-and-hospital,Deemed,Tamil Nadu,Sri Lalithambigai Medical College and Hospital,200,,,,FALSE,MBBS,,,,#c2410c,,,,,,,,,,,,,,,,,
"Gitam Institute of Medical Sciences and Research, Visakhapatnam",gitam-institute-of-medical-sciences-and-research-visakhapatnam,Deemed,andhra Pradesh,Visakhapatnam,150,,,,FALSE,MBBS,,,,#c2410c,,,,,,,,,,,,,,,,,
"Graphic Era Institute of Medical Sciences, Dehradun, Uttarakhand",graphic-era-institute-of-medical-sciences-dehradun-uttarakhand,Deemed,Uttarakhand,Uttarakhand,150,,,,FALSE,MBBS,,,,#c2410c,,,,,,,,,,,,,,,,,
"Hamdard Institute of Medical Sciences & Research, Guru Ravidas Marg, Hamdard Nag",hamdard-institute-of-medical-sciences-research-guru-ravidas-marg-hamdard-nag,Deemed,Delhi,Hamdard Nag,0,,,,FALSE,MBBS,,,,#c2410c,,,,,,,,,,,,,,,,,
Institute of Medical Sciences and Sum Hospital Campus Ii,institute-of-medical-sciences-and-sum-hospital-campus-ii,Deemed,Odisha,Hospital,250,,,,FALSE,MBBS,,,,#c2410c,,,,,,,,,,,,,,,,,
Instt. of Medical Sciences and Sum Hospital,instt-of-medical-sciences-and-sum-hospital,Deemed,Odisha,,250,,,,FALSE,MBBS,,,,#c2410c,,,,,,,,,,,,,,,,,
"J R Medical College and Hospital, Villupuram, Tamil Nadu",j-r-medical-college-and-hospital-villupuram-tamil-nadu,Deemed,Tamil Nadu,Tamil Nadu,200,,,,FALSE,MBBS,,,,#c2410c,,,,,,,,,,,,,,,,,
"Jss Medical College, Mysore",jss-medical-college-mysore,Deemed,Karnataka,Mysore,250,,,,FALSE,MBBS,,,,#c2410c,,,,,,,,,,,,,,,,,
Jagadguru Gangadhar Mahaswamigalu Moorusavirmath Medical College Jgmmmc,jagadguru-gangadhar-mahaswamigalu-moorusavirmath-medical-college-jgmmmc,Deemed,Karnataka,Medical,200,,,,FALSE,MBBS,,,,#c2410c,,,,,,,,,,,,,,,,,
"Jawaharlal Nehru Medical College, Belgaum",jawaharlal-nehru-medical-college-belgaum,Deemed,Karnataka,Belgaum,250,,,,FALSE,MBBS,,,,#c2410c,,,,,,,,,,,,,,,,,
"Jawaharlal Nehru Medical College, Sawangi (Meghe), Wardha",jawaharlal-nehru-medical-college-sawangi-meghe-wardha,Deemed,Maharashtra,Wardha,250,,,,FALSE,MBBS,,,,#c2410c,,,,,,,,,,,,,,,,,
K.S.Hegde Medical Academy,k-s-hegde-medical-academy,Deemed,Karnataka,,250,,,,FALSE,MBBS,,,,#c2410c,,,,,,,,,,,,,,,,,
Kasturba Medical College Mangalore,kasturba-medical-college-mangalore,Deemed,Karnataka,,250,,,,FALSE,MBBS,,,,#c2410c,,,,,,,,,,,,,,,,,
"Kalinga Institute of Medical Sciences, Bhubaneswar",kalinga-institute-of-medical-sciences-bhubaneswar,Deemed,Odisha,Bhubaneswar,250,,,,FALSE,MBBS,,,,#c2410c,,,,,,,,,,,,,,,,,
"Krishna Institute of Medical Sciences, Karad",krishna-institute-of-medical-sciences-karad,Deemed,Maharashtra,Karad,250,,,,FALSE,MBBS,,,,#c2410c,,,,,,,,,,,,,,,,,
"Mahatma Gandhi Missions Medical College, Kamothe",mahatma-gandhi-missions-medical-college-kamothe,Deemed,Maharashtra,KAMOTHE,200,,,,FALSE,MBBS,,,,#c2410c,,,,,,,,,,,,,,,,,
"Mgm Medical College, Vashi, Navi Mumbai",mgm-medical-college-vashi-navi-mumbai,Deemed,Maharashtra,Navi Mumbai,100,,,,FALSE,MBBS,,,,#c2410c,,,,,,,,,,,,,,,,,
"Mgm Medical College,Nerul,Navi Mumbai",mgm-medical-college-nerul-navi-mumbai,Deemed,Maharashtra,Navi Mumbai,50,,,,FALSE,MBBS,,,,#c2410c,,,,,,,,,,,,,,,,,
"Maharishi Markandeshwar Institute of Medical Sciences & Research, Mullana, Ambala",maharishi-markandeshwar-institute-of-medical-sciences-research-mullana-ambala,Deemed,Haryana,Ambala,200,,,,FALSE,MBBS,,,,#c2410c,,,,,,,,,,,,,,,,,
"Mahatma Gandhi Medical College & Research Institute, Pondicherry",mahatma-gandhi-medical-college-research-institute-pondicherry,Deemed,Pondicherry,Pondicherry,250,,,,FALSE,MBBS,,,,#c2410c,,,,,,,,,,,,,,,,,
"Mahatma Gandhi Missions Medical College, Aurangabad",mahatma-gandhi-missions-medical-college-aurangabad,Deemed,Maharashtra,Aurangabad,250,,,,FALSE,MBBS,,,,#c2410c,,,,,,,,,,,,,,,,,
"Mahatma Gandhi Missions Medical College, Panvel",mahatma-gandhi-missions-medical-college-panvel,Deemed,Maharashtra,Panvel,100,,,,FALSE,MBBS,,,,#c2410c,,,,,,,,,,,,,,,,,
"Malla Reddy Institute of Medical Sciences, Hyderabad",malla-reddy-institute-of-medical-sciences-hyderabad,Deemed,Telangana,Hyderabad,200,,,,FALSE,MBBS,,,,#c2410c,,,,,,,,,,,,,,,,,
"Mallareddy Medical College For Women, Hyderabad",mallareddy-medical-college-for-women-hyderabad,Deemed,Telangana,Hyderabad,200,,,,FALSE,MBBS,,,,#c2410c,,,,,,,,,,,,,,,,,
"Meenakshi Medical College and Research Institute, Enathur",meenakshi-medical-college-and-research-institute-enathur,Deemed,Tamil Nadu,Enathur,250,,,,FALSE,MBBS,,,,#c2410c,,,,,,,,,,,,,,,,,
"Padmashree Dr. D.Y.Patil Medical College, Navi Mumbai",padmashree-dr-d-y-patil-medical-college-navi-mumbai,Deemed,Maharashtra,Navi Mumbai,250,,,,FALSE,MBBS,,,,#c2410c,,,,,,,,,,,,,,,,,
Rajarajeswari Medical College & Hospital,rajarajeswari-medical-college-hospital,Deemed,Karnataka,Hospital,250,,,,FALSE,MBBS,,,,#c2410c,,,,,,,,,,,,,,,,,
"Rural Medical College, Loni",rural-medical-college-loni,Deemed,Maharashtra,Loni,200,,,,FALSE,MBBS,,,,#c2410c,,,,,,,,,,,,,,,,,
"Sbks Medical Instt. & Research Centre, Vadodra",sbks-medical-instt-research-centre-vadodra,Deemed,Gujarat,Vadodra,250,,,,FALSE,MBBS,,,,#c2410c,,,,,,,,,,,,,,,,,
Srm Medical College Hospital and Research Centre,srm-medical-college-hospital-and-research-centre,Deemed,Tamil Nadu,,250,,,,FALSE,MBBS,,,,#c2410c,,,,,,,,,,,,,,,,,
"Santosh Medical College, Ghaziabad",santosh-medical-college-ghaziabad,Deemed,Uttar Pradesh,Ghaziabad,150,,,,FALSE,MBBS,,,,#c2410c,,,,,,,,,,,,,,,,,
"Saveetha Medical College and Hospital, Kanchipuram",saveetha-medical-college-and-hospital-kanchipuram,Deemed,Tamil Nadu,Kanchipuram,250,,,,FALSE,MBBS,,,,#c2410c,,,,,,,,,,,,,,,,,
"Shri B M Patil Medical College, Hospital & Research Centre, Vijayapura(Bijapur",shri-b-m-patil-medical-college-hospital-research-centre-vijayapura-bijapur,Deemed,Karnataka,Vijayapura(Bijapur,250,,,,FALSE,MBBS,,,,#c2410c,,,,,,,,,,,,,,,,,
"Shri Sathya Sai Medical College and Research Institute, Kancheepuram",shri-sathya-sai-medical-college-and-research-institute-kancheepuram,Deemed,Tamil Nadu,Kancheepuram,250,,,,FALSE,MBBS,,,,#c2410c,,,,,,,,,,,,,,,,,
"Sree Balaji Medical College and Hospital, Chennai",sree-balaji-medical-college-and-hospital-chennai,Deemed,Tamil Nadu,Chennai,250,,,,FALSE,MBBS,,,,#c2410c,,,,,,,,,,,,,,,,,
Sri Devaraj Urs Medical College,sri-devaraj-urs-medical-college,Deemed,Karnataka,College,200,,,,FALSE,MBBS,,,,#c2410c,,,,,,,,,,,,,,,,,
"Sri Lakshmi Narayana Institute of Medical Sciences, Pondicherry",sri-lakshmi-narayana-institute-of-medical-sciences-pondicherry,Deemed,Pondicherry,Pondicherry,250,,,,FALSE,MBBS,,,,#c2410c,,,,,,,,,,,,,,,,,
"Sri Ramachandra Medical College & Research Institute, Chennai",sri-ramachandra-medical-college-research-institute-chennai,Deemed,Tamil Nadu,Chennai,250,,,,FALSE,MBBS,,,,#c2410c,,,,,,,,,,,,,,,,,
"Sri Siddhartha Medical College, Tumkur",sri-siddhartha-medical-college-tumkur,Deemed,Karnataka,Tumkur,250,,,,FALSE,MBBS,,,,#c2410c,,,,,,,,,,,,,,,,,
"Sri Siddhartha Institute of Medical Sciences & Research Centre, Bangalore",sri-siddhartha-institute-of-medical-sciences-research-centre-bangalore,Deemed,Karnataka,Bangalore,150,,,,FALSE,MBBS,,,,#c2410c,,,,,,,,,,,,,,,,,
Vels Medical College & Hospital,vels-medical-college-hospital,Deemed,Tamil Nadu,Hospital,250,,,,FALSE,MBBS,,,,#c2410c,,,,,,,,,,,,,,,,,
"Vinayaka Missions Kirupananda Variyar Medical College, Salem",vinayaka-missions-kirupananda-variyar-medical-college-salem,Deemed,Tamil Nadu,Salem,150,,,,FALSE,MBBS,,,,#c2410c,,,,,,,,,,,,,,,,,
"Vinayaka Missions Medical College, Karaikal, Pondicherry",vinayaka-missions-medical-college-karaikal-pondicherry,Deemed,Pondicherry,Pondicherry,150,,,,FALSE,MBBS,,,,#c2410c,,,,,,,,,,,,,,,,,
"Yenepoya Medical College, Mangalore",yenepoya-medical-college-mangalore,Deemed,Karnataka,Mangalore,250,,,,FALSE,MBBS,,,,#c2410c,,,,,,,,,,,,,,,,,
"A J Institute of Medical Sciences & Research Centre, Mangalore",a-j-institute-of-medical-sciences-research-centre-mangalore,Private,Karnataka,Mangalore,250,,,,FALSE,MBBS,,,,#6a0dad,,,,,,,,,,,,,,,,,
"Abhishek I Mishra Memorial Medical College and Research, Durg, Chhattisgarh",abhishek-i-mishra-memorial-medical-college-and-research-durg-chhattisgarh,Private,Chattisgarh,CHHATTISGARH,150,,,,FALSE,MBBS,,,,#6a0dad,,,,,,,,,,,,,,,,,
"Acpm Medical College, Dhule",acpm-medical-college-dhule,Private,Maharashtra,Dhule,100,,,,FALSE,MBBS,,,,#6a0dad,,,,,,,,,,,,,,,,,
Ajay Sangaal Institute of Medical Sciences & Research and Ayushmaan Hospital,ajay-sangaal-institute-of-medical-sciences-research-and-ayushmaan-hospital,Private,Uttar Pradesh,and,200,,,,FALSE,MBBS,,,,#6a0dad,,,,,,,,,,,,,,,,,
"Arundathi Institute of Medical Sciences, Malkajgiri, Telangana",arundathi-institute-of-medical-sciences-malkajgiri-telangana,Private,Telangana,TELANGANA,150,,,,FALSE,MBBS,,,,#6a0dad,,,,,,,,,,,,,,,,,
"Acharya Shri Chander College of Medical Sciences, Jammu",acharya-shri-chander-college-of-medical-sciences-jammu,Private,Jammu & Kashmir,Jammu,150,,,,FALSE,MBBS,,,,#6a0dad,,,,,,,,,,,,,,,,,
"Adesh Institute of Medical Sciences & Research, Bhatinda",adesh-institute-of-medical-sciences-research-bhatinda,Private,Punjab,Bhatinda,150,,,,FALSE,MBBS,,,,#6a0dad,,,,,,,,,,,,,,,,,
"Adesh Medical College and Hospital, Shahabad, Kurukshetra, Haryana",adesh-medical-college-and-hospital-shahabad-kurukshetra-haryana,Private,Haryana,Haryana,250,,,,FALSE,MBBS,,,,#6a0dad,,,,,,,,,,,,,,,,,
Adichunchanagiri Institute of Medical Sciences Bellur,adichunchanagiri-institute-of-medical-sciences-bellur,Private,Karnataka,Sciences Bellur,250,,,,FALSE,MBBS,,,,#6a0dad,,,,,,,,,,,,,,,,,
"Akash Institute of Medical Sciences & Research Centre, Devanhalli, Bangalore, Ka",akash-institute-of-medical-sciences-research-centre-devanhalli-bangalore-ka,Private,Karnataka,Ka,250,,,,FALSE,MBBS,,,,#6a0dad,,,,,,,,,,,,,,,,,
"Al Falah School of Medical Sciences & Research Centre, Faridabad",al-falah-school-of-medical-sciences-research-centre-faridabad,Private,Haryana,Faridabad,200,,,,FALSE,MBBS,,,,#6a0dad,,,,,,,,,,,,,,,,,
"Al-Ameen Medical College,Bijapur",al-ameen-medical-college-bijapur,Private,Karnataka,Bijapur,150,,,,FALSE,MBBS,,,,#6a0dad,,,,,,,,,,,,,,,,,
"Al-Azhar Medical College and Super Speciality Hospital, Thodupuzha",al-azhar-medical-college-and-super-speciality-hospital-thodupuzha,Private,Kerala,Thodupuzha,250,,,,FALSE,MBBS,,,,#6a0dad,,,,,,,,,,,,,,,,,
"Alluri Sitaram Raju Academy of Medical Sciences, Eluru",alluri-sitaram-raju-academy-of-medical-sciences-eluru,Private,andhra Pradesh,Eluru,250,,,,FALSE,MBBS,,,,#6a0dad,,,,,,,,,,,,,,,,,
"Amala Institute of Medical Sciences, Thrissur",amala-institute-of-medical-sciences-thrissur,Private,Kerala,Thrissur,100,,,,FALSE,MBBS,,,,#6a0dad,,,,,,,,,,,,,,,,,
"Amaltas Institute of Medical Sciences, Dewas",amaltas-institute-of-medical-sciences-dewas,Private,Madhya Pradesh,Dewas,250,,,,FALSE,MBBS,,,,#6a0dad,,,,,,,,,,,,,,,,,
"American International Institute of Medical Sciences, Bedwas",american-international-institute-of-medical-sciences-bedwas,Private,Rajasthan,Bedwas,150,,,,FALSE,MBBS,,,,#6a0dad,,,,,,,,,,,,,,,,,
"Ananta Institute of Medical Sciences & Research Centre, Rajsamand",ananta-institute-of-medical-sciences-research-centre-rajsamand,Private,Rajasthan,Rajsamand,150,,,,FALSE,MBBS,,,,#6a0dad,,,,,,,,,,,,,,,,,
"Ananya College of Medicine & Research, Kalol, Gujarat",ananya-college-of-medicine-research-kalol-gujarat,Private,Gujarat,Gujarat,150,,,,FALSE,MBBS,,,,#6a0dad,,,,,,,,,,,,,,,,,
Anna Gowri Medical College and Hospital,anna-gowri-medical-college-and-hospital,Private,andhra Pradesh,and Hospital,150,,,,FALSE,MBBS,,,,#6a0dad,,,,,,,,,,,,,,,,,
"Annaii Medical College and Hospital Kanchipuram, Tamil Nadu",annaii-medical-college-and-hospital-kanchipuram-tamil-nadu,Private,Tamil Nadu,Tamil Nadu,200,,,,FALSE,MBBS,,,,#6a0dad,,,,,,,,,,,,,,,,,
"Annapoorna Medical College & Hospital, Salem",annapoorna-medical-college-hospital-salem,Private,Tamil Nadu,Salem,150,,,,FALSE,MBBS,,,,#6a0dad,,,,,,,,,,,,,,,,,
"Apollo Institute of Medical Sciences and Research, Chittoor",apollo-institute-of-medical-sciences-and-research-chittoor,Private,andhra Pradesh,Chittoor,150,,,,FALSE,MBBS,,,,#6a0dad,,,,,,,,,,,,,,,,,
"Apollo Institute of Medical Sciences and Research, Hyderabad",apollo-institute-of-medical-sciences-and-research-hyderabad,Private,Telangana,Hyderabad,150,,,,FALSE,MBBS,,,,#6a0dad,,,,,,,,,,,,,,,,,
"Army College of Medical Sciences, New Delhi",army-college-of-medical-sciences-new-delhi,Private,Delhi,New Delhi,100,,,,FALSE,MBBS,,,,#6a0dad,,,,,,,,,,,,,,,,,
Arunai Medical College and Hospital,arunai-medical-college-and-hospital,Private,Tamil Nadu,Hospital,200,,,,FALSE,MBBS,,,,#6a0dad,,,,,,,,,,,,,,,,,
"Arya Medical College & Hospital (Amch), Omaxe City, Jaipur",arya-medical-college-hospital-amch-omaxe-city-jaipur,Private,Rajasthan,Jaipur,50,,,,FALSE,MBBS,,,,#6a0dad,,,,,,,,,,,,,,,,,
"Ashwini Rural Medical College, Hospital & Research Centre, Solapur",ashwini-rural-medical-college-hospital-research-centre-solapur,Private,Maharashtra,Solapur,150,,,,FALSE,MBBS,,,,#6a0dad,,,,,,,,,,,,,,,,,
"Ayaan Institute of Medical Sciences, Teaching Hospital & Research Centre, Kanaka",ayaan-institute-of-medical-sciences-teaching-hospital-research-centre-kanaka,Private,Telangana,Kanaka,150,,,,FALSE,MBBS,,,,#6a0dad,,,,,,,,,,,,,,,,,
"Azeezia Instt of Medical Science,Meeyannoor,Kollam",azeezia-instt-of-medical-science-meeyannoor-kollam,Private,Kerala,Kollam,100,,,,FALSE,MBBS,,,,#6a0dad,,,,,,,,,,,,,,,,,
"B.K.L. Walawalkar Rural Medical College, Ratnagiri",b-k-l-walawalkar-rural-medical-college-ratnagiri,Private,Maharashtra,Ratnagiri,150,,,,FALSE,MBBS,,,,#6a0dad,,,,,,,,,,,,,,,,,
"Bgs Global Institute of Medical Sciences, Bangalore",bgs-global-institute-of-medical-sciences-bangalore,Private,Karnataka,Bangalore,150,,,,FALSE,MBBS,,,,#6a0dad,,,,,,,,,,,,,,,,,
"Bgs Medical College and Hospital, Nagarur, Bengaluru",bgs-medical-college-and-hospital-nagarur-bengaluru,Private,Karnataka,Bengaluru,250,,,,FALSE,MBBS,,,,#6a0dad,,,,,,,,,,,,,,,,,
Balvir Singh Tomar Institute of Medical Sciences and Research,balvir-singh-tomar-institute-of-medical-sciences-and-research,Private,Rajasthan,Sciences,150,,,,FALSE,MBBS,,,,#6a0dad,,,,,,,,,,,,,,,,,
"Banas Medical College and Research Institute, Palanpur, Gujarat",banas-medical-college-and-research-institute-palanpur-gujarat,Private,Gujarat,Gujarat,200,,,,FALSE,MBBS,,,,#6a0dad,,,,,,,,,,,,,,,,,
"Basaveswara Medical College and Hospital, Chitradurga",basaveswara-medical-college-and-hospital-chitradurga,Private,Karnataka,Chitradurga,150,,,,FALSE,MBBS,,,,#6a0dad,,,,,,,,,,,,,,,,,
Believers Church Medical College Hospital,believers-church-medical-college-hospital,Private,Kerala,Hospital,100,,,,FALSE,MBBS,,,,#6a0dad,,,,,,,,,,,,,,,,,
Bhagyoday Medical College,bhagyoday-medical-college,Private,Gujarat,Dibrugarh,100,,,,FALSE,MBBS,,,,#6a0dad,,,,,,,,,,,,,,,,,
"Bharatratna Atal Bihari Vajpayee Medical College, Pune",bharatratna-atal-bihari-vajpayee-medical-college-pune,Private,Maharashtra,Pune,100,,,,FALSE,MBBS,,,,#6a0dad,,,,,,,,,,,,,,,,,
"Bhaskar Medical College, Yenkapally",bhaskar-medical-college-yenkapally,Private,Telangana,Yenkapally,150,,,,FALSE,MBBS,,,,#6a0dad,,,,,,,,,,,,,,,,,
C. U. Shah Medical College,c-u-shah-medical-college,Private,Gujarat,College,100,,,,FALSE,MBBS,,,,#6a0dad,,,,,,,,,,,,,,,,,
Career Institute of Medical Sciences and Hospital,career-institute-of-medical-sciences-and-hospital,Private,Uttar Pradesh,Sciences,150,,,,FALSE,MBBS,,,,#6a0dad,,,,,,,,,,,,,,,,,
"Cmr Institute of Medical Sciences, Telangana",cmr-institute-of-medical-sciences-telangana,Private,Telangana,Telangana,250,,,,FALSE,MBBS,,,,#6a0dad,,,,,,,,,,,,,,,,,
"Chalmeda Anand Rao Insttitute of Medical Sciences, Karimnagar",chalmeda-anand-rao-insttitute-of-medical-sciences-karimnagar,Private,Telangana,Karimnagar,200,,,,FALSE,MBBS,,,,#6a0dad,,,,,,,,,,,,,,,,,
"Chirayu Medical College and Hospital, Bairagarh,Bhopal",chirayu-medical-college-and-hospital-bairagarh-bhopal,Private,Madhya Pradesh,Bhopal,250,,,,FALSE,MBBS,,,,#6a0dad,,,,,,,,,,,,,,,,,
"Christian Medical College, Ludhiana",christian-medical-college-ludhiana,Private,Punjab,Ludhiana,100,,,,FALSE,MBBS,,,,#6a0dad,,,,,,,,,,,,,,,,,
"Christian Medical College, Vellore",christian-medical-college-vellore,Private,Tamil Nadu,Vellore,100,,,,FALSE,MBBS,,,,#6a0dad,,,,,,,,,,,,,,,,,
Dr B S Kushwah Institute of Medical Sciences,dr-b-s-kushwah-institute-of-medical-sciences,Private,Uttar Pradesh,of,150,,,,FALSE,MBBS,,,,#6a0dad,,,,,,,,,,,,,,,,,
Driems Institute of Health Sciences and Hospital,driems-institute-of-health-sciences-and-hospital,Private,Odisha,Sciences,100,,,,FALSE,MBBS,,,,#6a0dad,,,,,,,,,,,,,,,,,
"Dayanand Medical College & Hospital, Ludhiana",dayanand-medical-college-hospital-ludhiana,Private,Punjab,Ludhiana,150,,,,FALSE,MBBS,,,,#6a0dad,,,,,,,,,,,,,,,,,
"Deccan College of Medical Sciences, Hyderabad",deccan-college-of-medical-sciences-hyderabad,Private,Telangana,Hyderabad,150,,,,FALSE,MBBS,,,,#6a0dad,,,,,,,,,,,,,,,,,
"Dhanalakshmi Srinivasan Institute of Medical Sciences and Hospital, Perambalur,",dhanalakshmi-srinivasan-institute-of-medical-sciences-and-hospital-perambalur,Private,Tamil Nadu,and,150,,,,FALSE,MBBS,,,,#6a0dad,,,,,,,,,,,,,,,,,
"Dhanalakshmi Srinivasan Medical College and Hospital, Siruvachur-621113",dhanalakshmi-srinivasan-medical-college-and-hospital-siruvachur-621113,Private,Tamil Nadu,Siruvachur-621113,250,,,,FALSE,MBBS,,,,#6a0dad,,,,,,,,,,,,,,,,,
"Dr Br Ambedkar Medical College, Bangalore",dr-br-ambedkar-medical-college-bangalore,Private,Karnataka,Bangalore,150,,,,FALSE,MBBS,,,,#6a0dad,,,,,,,,,,,,,,,,,
Dr S S Tantia Medical College Hospital & Research Centre,dr-s-s-tantia-medical-college-hospital-research-centre,Private,Rajasthan,&,250,,,,FALSE,MBBS,,,,#6a0dad,,,,,,,,,,,,,,,,,
"Dr. Chandramma Dayananda Sagar Instt. of Medical Education & Research, Harohalli",dr-chandramma-dayananda-sagar-instt-of-medical-education-research-harohalli,Private,Karnataka,Harohalli,200,,,,FALSE,MBBS,,,,#6a0dad,,,,,,,,,,,,,,,,,
"Dr. M.K. Shah Medical College & Research Centre, Ahmedabad",dr-m-k-shah-medical-college-research-centre-ahmedabad,Private,Gujarat,Ahmedabad,250,,,,FALSE,MBBS,,,,#6a0dad,,,,,,,,,,,,,,,,,
"Dr. Moopen S Medical College, Wayanad, Kerala",dr-moopen-s-medical-college-wayanad-kerala,Private,Kerala,Kerala,150,,,,FALSE,MBBS,,,,#6a0dad,,,,,,,,,,,,,,,,,
Dr. N D Desai Faculty of Medical Science & Research,dr-n-d-desai-faculty-of-medical-science-research,Private,Gujarat,Science,150,,,,FALSE,MBBS,,,,#6a0dad,,,,,,,,,,,,,,,,,
Dr. N Y Tasgaonkar Institute of Medical Science,dr-n-y-tasgaonkar-institute-of-medical-science,Private,Maharashtra,of,100,,,,FALSE,MBBS,,,,#6a0dad,,,,,,,,,,,,,,,,,
"Dr. P.S.I. Medical College , Chinoutpalli",dr-p-s-i-medical-college-chinoutpalli,Private,andhra Pradesh,Chinoutpalli,150,,,,FALSE,MBBS,,,,#6a0dad,,,,,,,,,,,,,,,,,
"Dr. Panjabrao Alias Bhausaheb Deshmukh Memorial Medical College, Amravati",dr-panjabrao-alias-bhausaheb-deshmukh-memorial-medical-college-amravati,Private,Maharashtra,Amravati,150,,,,FALSE,MBBS,,,,#6a0dad,,,,,,,,,,,,,,,,,
"Dr. Patnam Mahender Reddy Institute of Medical Sciences, Chevella, Rangareddy",dr-patnam-mahender-reddy-institute-of-medical-sciences-chevella-rangareddy,Private,Telangana,Rangareddy,200,,,,FALSE,MBBS,,,,#6a0dad,,,,,,,,,,,,,,,,,
"Dr. Rajendra Gode Medical College, Amravati, Maharashtra",dr-rajendra-gode-medical-college-amravati-maharashtra,Private,Maharashtra,Maharashtra,150,,,,FALSE,MBBS,,,,#6a0dad,,,,,,,,,,,,,,,,,
Dr. Somervell Memorial Csi Medical College & Hospital,dr-somervell-memorial-csi-medical-college-hospital,Private,Kerala,College,150,,,,FALSE,MBBS,,,,#6a0dad,,,,,,,,,,,,,,,,,
"Dr. Ulhas Patil Medical College & Hospital, Jalgaon",dr-ulhas-patil-medical-college-hospital-jalgaon,Private,Maharashtra,Jalgaon,200,,,,FALSE,MBBS,,,,#6a0dad,,,,,,,,,,,,,,,,,
"Dr. Vrk Womens Medical College, Aziznagar",dr-vrk-womens-medical-college-aziznagar,Private,Telangana,Aziznagar,100,,,,FALSE,MBBS,,,,#6a0dad,,,,,,,,,,,,,,,,,
"Dr. Vithalrao Vikhe Patil Foundations Medical College & Hospital, Ahmednagar",dr-vithalrao-vikhe-patil-foundations-medical-college-hospital-ahmednagar,Private,Maharashtra,Ahmednagar,200,,,,FALSE,MBBS,,,,#6a0dad,,,,,,,,,,,,,,,,,
Dr.Kiran C.Patel Medical College and Research Institute,dr-kiran-c-patel-medical-college-and-research-institute,Private,Gujarat,and,150,,,,FALSE,MBBS,,,,#6a0dad,,,,,,,,,,,,,,,,,
"Dr.Vasantrao Pawar Med. Col. Hosp. & Research Centre,Nasik (Prev. Ndmvp Samaj Me",dr-vasantrao-pawar-med-col-hosp-research-centre-nasik-prev-ndmvp-samaj-me,Private,Maharashtra,Nasik (Prev. NDMVP Samaj Me,150,,,,FALSE,MBBS,,,,#6a0dad,,,,,,,,,,,,,,,,,
East West Institute of Medical Sciences and Research,east-west-institute-of-medical-sciences-and-research,Private,West Bengal,Sciences,100,,,,FALSE,MBBS,,,,#6a0dad,,,,,,,,,,,,,,,,,
"East Point College of Medical Sciences & Research Centre, Bangalore",east-point-college-of-medical-sciences-research-centre-bangalore,Private,Karnataka,Bangalore,200,,,,FALSE,MBBS,,,,#6a0dad,,,,,,,,,,,,,,,,,
"Era Lucknow Medical College , Lucknow",era-lucknow-medical-college-lucknow,Private,Uttar Pradesh,Lucknow,250,,,,FALSE,MBBS,,,,#6a0dad,,,,,,,,,,,,,,,,,
"F.H. Medical College & Hospital, Etamdapur, Agra",f-h-medical-college-hospital-etamdapur-agra,Private,Uttar Pradesh,Agra,250,,,,FALSE,MBBS,,,,#6a0dad,,,,,,,,,,,,,,,,,
Farookh Academy of Medical Education Hospital and Research Institute,farookh-academy-of-medical-education-hospital-and-research-institute,Private,Karnataka,and,100,,,,FALSE,MBBS,,,,#6a0dad,,,,,,,,,,,,,,,,,
"Father Colombo Institute of Medical Sciences, Warangal",father-colombo-institute-of-medical-sciences-warangal,Private,Telangana,WARANGAL,150,,,,FALSE,MBBS,,,,#6a0dad,,,,,,,,,,,,,,,,,
"Faculty of Medicine and Health Sciences, Gurgaon (Formarly Sggst Medical College",faculty-of-medicine-and-health-sciences-gurgaon-formarly-sggst-medical-college,Private,Haryana,Gurgaon (Formarly SGGST Medical College,150,,,,FALSE,MBBS,,,,#6a0dad,,,,,,,,,,,,,,,,,
"Father Mullers Medical College, Mangalore",father-mullers-medical-college-mangalore,Private,Karnataka,Mangalore,150,,,,FALSE,MBBS,,,,#6a0dad,,,,,,,,,,,,,,,,,
"Fathima Instt. of Medical Sciences,Kadapa",fathima-instt-of-medical-sciences-kadapa,Private,andhra Pradesh,Kadapa,100,,,,FALSE,MBBS,,,,#6a0dad,,,,,,,,,,,,,,,,,
"G.S. Medical College & Hospital, Hapur, Up",g-s-medical-college-hospital-hapur-up,Private,Uttar Pradesh,UP,250,,,,FALSE,MBBS,,,,#6a0dad,,,,,,,,,,,,,,,,,
"Gcs Medical College, Ahmedabad",gcs-medical-college-ahmedabad,Private,Gujarat,Ahmedabad,200,,,,FALSE,MBBS,,,,#6a0dad,,,,,,,,,,,,,,,,,
"Geetanjali Institute of Medical Sciences, Jaipur",geetanjali-institute-of-medical-sciences-jaipur,Private,Rajasthan,Jaipur,150,,,,FALSE,MBBS,,,,#6a0dad,,,,,,,,,,,,,,,,,
Gian Sagar Medical College,gian-sagar-medical-college,Private,Punjab,,150,,,,FALSE,MBBS,,,,#6a0dad,,,,,,,,,,,,,,,,,
"Gsl Medical College, Rajahmundry",gsl-medical-college-rajahmundry,Private,andhra Pradesh,Rajahmundry,250,,,,FALSE,MBBS,,,,#6a0dad,,,,,,,,,,,,,,,,,
"Gautam Buddha Chikitsa Mahavidyalaya, Dehradum",gautam-buddha-chikitsa-mahavidyalaya-dehradum,Private,Uttarakhand,Dehradum,150,,,,FALSE,MBBS,,,,#6a0dad,,,,,,,,,,,,,,,,,
"Gayathri Vidya Parishad Institute of Health Care & Medical Technology, Visakhapa",gayathri-vidya-parishad-institute-of-health-care-medical-technology-visakhapa,Private,andhra Pradesh,Visakhapa,200,,,,FALSE,MBBS,,,,#6a0dad,,,,,,,,,,,,,,,,,
"Geetanjali Medical College & Hospital,Udaipur",geetanjali-medical-college-hospital-udaipur,Private,Rajasthan,Udaipur,250,,,,FALSE,MBBS,,,,#6a0dad,,,,,,,,,,,,,,,,,
"Gouri Devi Institute of Medical Sciences and Hospital, Durgapur",gouri-devi-institute-of-medical-sciences-and-hospital-durgapur,Private,West Bengal,Durgapur,200,,,,FALSE,MBBS,,,,#6a0dad,,,,,,,,,,,,,,,,,
"Great Eastern Medical School and Hospital,Srikakulam",great-eastern-medical-school-and-hospital-srikakulam,Private,andhra Pradesh,Srikakulam,150,,,,FALSE,MBBS,,,,#6a0dad,,,,,,,,,,,,,,,,,
"Gujarat Adani Institute of Medical Sciences, Bhuj",gujarat-adani-institute-of-medical-sciences-bhuj,Private,Gujarat,Bhuj,150,,,,FALSE,MBBS,,,,#6a0dad,,,,,,,,,,,,,,,,,
"Heritage Institute of Medical Sciences, Varanasi",heritage-institute-of-medical-sciences-varanasi,Private,Uttar Pradesh,Varanasi,200,,,,FALSE,MBBS,,,,#6a0dad,,,,,,,,,,,,,,,,,
"Hi-Tech Medical College & Hospital, Rourkela",hi-tech-medical-college-hospital-rourkela,Private,Odisha,Rourkela,100,,,,FALSE,MBBS,,,,#6a0dad,,,,,,,,,,,,,,,,,
Hi-Tech Medical College and Hospital Bhubaneswar,hi-tech-medical-college-and-hospital-bhubaneswar,Private,Odisha,,150,,,,FALSE,MBBS,,,,#6a0dad,,,,,,,,,,,,,,,,,
"Himalaya Medical College and Hospital, Patna, Bihar",himalaya-medical-college-and-hospital-patna-bihar,Private,Bihar,Bihar,150,,,,FALSE,MBBS,,,,#6a0dad,,,,,,,,,,,,,,,,,
"Himalayan Institute of Medical Sciences, Dehradun",himalayan-institute-of-medical-sciences-dehradun,Private,Uttarakhand,Dehradun,150,,,,FALSE,MBBS,,,,#6a0dad,,,,,,,,,,,,,,,,,
"Hind Institute of Medical Sciences , Barabanki",hind-institute-of-medical-sciences-barabanki,Private,Uttar Pradesh,Barabanki,100,,,,FALSE,MBBS,,,,#6a0dad,,,,,,,,,,,,,,,,,
"Hind Institute of Medical Sciences, Sitapur",hind-institute-of-medical-sciences-sitapur,Private,Uttar Pradesh,Sitapur,150,,,,FALSE,MBBS,,,,#6a0dad,,,,,,,,,,,,,,,,,
"Icare Institute of Medical Sciences & Research, Haldia, Purba Midanpore",icare-institute-of-medical-sciences-research-haldia-purba-midanpore,Private,West Bengal,Purba Midanpore,150,,,,FALSE,MBBS,,,,#6a0dad,,,,,,,,,,,,,,,,,
"Iq-City Medical College, Burdwan",iq-city-medical-college-burdwan,Private,West Bengal,Burdwan,250,,,,FALSE,MBBS,,,,#6a0dad,,,,,,,,,,,,,,,,,
"Index Medical College Hospital & Research Centre,Indore",index-medical-college-hospital-research-centre-indore,Private,Madhya Pradesh,Indore,250,,,,FALSE,MBBS,,,,#6a0dad,,,,,,,,,,,,,,,,,
"Indian Institute of Medical Science & Research, Jalna",indian-institute-of-medical-science-research-jalna,Private,Maharashtra,Jalna,150,,,,FALSE,MBBS,,,,#6a0dad,,,,,,,,,,,,,,,,,
"Indira Medical College & Hospitals, Thiruvallur",indira-medical-college-hospitals-thiruvallur,Private,Tamil Nadu,Thiruvallur,150,,,,FALSE,MBBS,,,,#6a0dad,,,,,,,,,,,,,,,,,
"Integral Institute of Medical Sciences & Research, Lucknow",integral-institute-of-medical-sciences-research-lucknow,Private,Uttar Pradesh,Lucknow,200,,,,FALSE,MBBS,,,,#6a0dad,,,,,,,,,,,,,,,,,
Jagannath Gupta Institute of Medical Sciences and Hospital,jagannath-gupta-institute-of-medical-sciences-and-hospital,Private,West Bengal,Sciences,250,,,,FALSE,MBBS,,,,#6a0dad,,,,,,,,,,,,,,,,,
Jakir Hossain Medical College and Research Institute,jakir-hossain-medical-college-and-research-institute,Private,West Bengal,and,100,,,,FALSE,MBBS,,,,#6a0dad,,,,,,,,,,,,,,,,,
"Jiet Medical College and Hospital, Jodhpur, Rajasthan",jiet-medical-college-and-hospital-jodhpur-rajasthan,Private,Rajasthan,Rajasthan,150,,,,FALSE,MBBS,,,,#6a0dad,,,,,,,,,,,,,,,,,
"Jis School Medical Science and Research, Howrah, Wb",jis-school-medical-science-and-research-howrah-wb,Private,West Bengal,WB,150,,,,FALSE,MBBS,,,,#6a0dad,,,,,,,,,,,,,,,,,
Jjm Medical College,jjm-medical-college,Private,Karnataka,Dibrugarh,245,,,,FALSE,MBBS,,,,#6a0dad,,,,,,,,,,,,,,,,,
"Jmn Medical College, Nadia, West Bengal",jmn-medical-college-nadia-west-bengal,Private,West Bengal,West Bengal,150,,,,FALSE,MBBS,,,,#6a0dad,,,,,,,,,,,,,,,,,
"Jagannath Gupta Institute of Medical Sciences & Hospital, North Kolkata",jagannath-gupta-institute-of-medical-sciences-hospital-north-kolkata,Private,West Bengal,North Kolkata,100,,,,FALSE,MBBS,,,,#6a0dad,,,,,,,,,,,,,,,,,
"Jaipur National University Institute of Medical Sciences and Resarch Centre, Jag",jaipur-national-university-institute-of-medical-sciences-and-resarch-centre-jag,Private,Rajasthan,Jag,250,,,,FALSE,MBBS,,,,#6a0dad,,,,,,,,,,,,,,,,,
"Jubilee Mission Medical College & Research Institute, Thrissur",jubilee-mission-medical-college-research-institute-thrissur,Private,Kerala,Thrissur,150,,,,FALSE,MBBS,,,,#6a0dad,,,,,,,,,,,,,,,,,
K J Somaiyya Medical College and Research Centre  Mumbai,k-j-somaiyya-medical-college-and-research-centre-mumbai,Private,Maharashtra,Research,100,,,,FALSE,MBBS,,,,#6a0dad,,,,,,,,,,,,,,,,,
"K V G Medical College, Sullia",k-v-g-medical-college-sullia,Private,Karnataka,Sullia,150,,,,FALSE,MBBS,,,,#6a0dad,,,,,,,,,,,,,,,,,
"K.D. Medical College Hospital & Research Centre, Mathura",k-d-medical-college-hospital-research-centre-mathura,Private,Uttar Pradesh,Mathura,250,,,,FALSE,MBBS,,,,#6a0dad,,,,,,,,,,,,,,,,,
Kamineni Academy of Medical Sciences and Research Centre,kamineni-academy-of-medical-sciences-and-research-centre,Private,Telangana,and,150,,,,FALSE,MBBS,,,,#6a0dad,,,,,,,,,,,,,,,,,
Kanyakumari Medical Mission Research Centre,kanyakumari-medical-mission-research-centre,Private,Tamil Nadu,Centre,100,,,,FALSE,MBBS,,,,#6a0dad,,,,,,,,,,,,,,,,,
"Kiran Medical College, Surat, Gujarat",kiran-medical-college-surat-gujarat,Private,Gujarat,GUJARAT,150,,,,FALSE,MBBS,,,,#6a0dad,,,,,,,,,,,,,,,,,
Kmc Medical College and Hospital Maharajganj Up,kmc-medical-college-and-hospital-maharajganj-up,Private,Uttar Pradesh,,200,,,,FALSE,MBBS,,,,#6a0dad,,,,,,,,,,,,,,,,,
Kmch Institute of Health Sciences and Research,kmch-institute-of-health-sciences-and-research,Private,Tamil Nadu,,150,,,,FALSE,MBBS,,,,#6a0dad,,,,,,,,,,,,,,,,,
"Kmct Medical College,Kozhikode, Calicut",kmct-medical-college-kozhikode-calicut,Private,Kerala,Calicut,250,,,,FALSE,MBBS,,,,#6a0dad,,,,,,,,,,,,,,,,,
"Kpc Medical College,Jadavpur,Kolkata",kpc-medical-college-jadavpur-kolkata,Private,West Bengal,Kolkata,200,,,,FALSE,MBBS,,,,#6a0dad,,,,,,,,,,,,,,,,,
"Kamineni Institute of Medical Sciences, Narketpally",kamineni-institute-of-medical-sciences-narketpally,Private,Telangana,Narketpally,200,,,,FALSE,MBBS,,,,#6a0dad,,,,,,,,,,,,,,,,,
"Kanachur Institute of Medical Sciences, Mangalore",kanachur-institute-of-medical-sciences-mangalore,Private,Karnataka,Mangalore,200,,,,FALSE,MBBS,,,,#6a0dad,,,,,,,,,,,,,,,,,
"Karpaga Vinayaga Institute of Medical Sciences,Maduranthagam",karpaga-vinayaga-institute-of-medical-sciences-maduranthagam,Private,Tamil Nadu,Maduranthagam,150,,,,FALSE,MBBS,,,,#6a0dad,,,,,,,,,,,,,,,,,
Karpagam Faculty of Medical Sciences and Research,karpagam-faculty-of-medical-sciences-and-research,Private,Tamil Nadu,,150,,,,FALSE,MBBS,,,,#6a0dad,,,,,,,,,,,,,,,,,
"Karuna Medical College, Palakkad",karuna-medical-college-palakkad,Private,Kerala,Palakkad,150,,,,FALSE,MBBS,,,,#6a0dad,,,,,,,,,,,,,,,,,
"Katihar Medical College, Katihar",katihar-medical-college-katihar,Private,Bihar,Katihar,200,,,,FALSE,MBBS,,,,#6a0dad,,,,,,,,,,,,,,,,,
"Katuri Medical College, Guntur",katuri-medical-college-guntur,Private,andhra Pradesh,Guntur,150,,,,FALSE,MBBS,,,,#6a0dad,,,,,,,,,,,,,,,,,
Kempegowda Institute of Medical Sciences,kempegowda-institute-of-medical-sciences,Private,Karnataka,Sciences,250,,,,FALSE,MBBS,,,,#6a0dad,,,,,,,,,,,,,,,,,
"Kerala Medical College, Mangode",kerala-medical-college-mangode,Private,Kerala,Mangode,150,,,,FALSE,MBBS,,,,#6a0dad,,,,,,,,,,,,,,,,,
"Khaja Bandanawaz University - Faculty of Medical Sciences, Gulbarga",khaja-bandanawaz-university-faculty-of-medical-sciences-gulbarga,Private,Karnataka,Gulbarga,150,,,,FALSE,MBBS,,,,#6a0dad,,,,,,,,,,,,,,,,,
"Konaseema Institute of Medical Sciences & Research Foundation, Amalapuram",konaseema-institute-of-medical-sciences-research-foundation-amalapuram,Private,andhra Pradesh,Amalapuram,200,,,,FALSE,MBBS,,,,#6a0dad,,,,,,,,,,,,,,,,,
"Krishna Mohan Medical College & Hospital, Mathura",krishna-mohan-medical-college-hospital-mathura,Private,Uttar Pradesh,Mathura,200,,,,FALSE,MBBS,,,,#6a0dad,,,,,,,,,,,,,,,,,
"Krishnanagar Institute of Medical Science, Nadia, West Bengal",krishnanagar-institute-of-medical-science-nadia-west-bengal,Private,West Bengal,West Bengal,150,,,,FALSE,MBBS,,,,#6a0dad,,,,,,,,,,,,,,,,,
"L.N. Medical College and Research Centre,Bhopal",l-n-medical-college-and-research-centre-bhopal,Private,Madhya Pradesh,Bhopal,250,,,,FALSE,MBBS,,,,#6a0dad,,,,,,,,,,,,,,,,,
"Lnct Medical College & Sewakunj Hospital, Indore",lnct-medical-college-sewakunj-hospital-indore,Private,Madhya Pradesh,Indore,150,,,,FALSE,MBBS,,,,#6a0dad,,,,,,,,,,,,,,,,,
Laxmi Chandravansi Medical College & Hospital,laxmi-chandravansi-medical-college-hospital,Private,Jharkhand,& Hospital,100,,,,FALSE,MBBS,,,,#6a0dad,,,,,,,,,,,,,,,,,
"Lord Buddha Koshi Medical College and Hospital, Saharsa",lord-buddha-koshi-medical-college-and-hospital-saharsa,Private,Bihar,Saharsa,150,,,,FALSE,MBBS,,,,#6a0dad,,,,,,,,,,,,,,,,,
"M E S Medical College , Perintalmanna Malappuram Distt.Kerala",m-e-s-medical-college-perintalmanna-malappuram-distt-kerala,Private,Kerala,Perintalmanna Malappuram Distt.Kerala,150,,,,FALSE,MBBS,,,,#6a0dad,,,,,,,,,,,,,,,,,
"M.M. College of Medical Sciences & Research, Ambala",m-m-college-of-medical-sciences-research-ambala,Private,Haryana,AMBALA,150,,,,FALSE,MBBS,,,,#6a0dad,,,,,,,,,,,,,,,,,
Mahabodhi Medical College & Hospital,mahabodhi-medical-college-hospital,Private,Bihar,Hospital,100,,,,FALSE,MBBS,,,,#6a0dad,,,,,,,,,,,,,,,,,
Maharishi Markandeshwar Medical College & Hospital,maharishi-markandeshwar-medical-college-hospital,Private,Himachal Pradesh,& Hospital,150,,,,FALSE,MBBS,,,,#6a0dad,,,,,,,,,,,,,,,,,
Malati Multispeciality Hospital and Medical College,malati-multispeciality-hospital-and-medical-college,Private,Maharashtra,Medical College,50,,,,FALSE,MBBS,,,,#6a0dad,,,,,,,,,,,,,,,,,
Mansarovar Medical College and Mgu Hospital,mansarovar-medical-college-and-mgu-hospital,Private,Madhya Pradesh,Mgu Hospital,150,,,,FALSE,MBBS,,,,#6a0dad,,,,,,,,,,,,,,,,,
"Mnr Medical College & Hospital, Sangareddy",mnr-medical-college-hospital-sangareddy,Private,Telangana,Sangareddy,150,,,,FALSE,MBBS,,,,#6a0dad,,,,,,,,,,,,,,,,,
"Mvj Medical College and Research Hospital, Bangalore",mvj-medical-college-and-research-hospital-bangalore,Private,Karnataka,Bangalore,250,,,,FALSE,MBBS,,,,#6a0dad,,,,,,,,,,,,,,,,,
"Madha Medical College and Hospital, Thandalam, Chennai",madha-medical-college-and-hospital-thandalam-chennai,Private,Tamil Nadu,Chennai,150,,,,FALSE,MBBS,,,,#6a0dad,,,,,,,,,,,,,,,,,
"Madhubani Medical College, Madhubani",madhubani-medical-college-madhubani,Private,Bihar,Madhubani,250,,,,FALSE,MBBS,,,,#6a0dad,,,,,,,,,,,,,,,,,
Mahadevappa Rampure Medical College,mahadevappa-rampure-medical-college,Private,Karnataka,,200,,,,FALSE,MBBS,,,,#6a0dad,,,,,,,,,,,,,,,,,
"Maharajah Institute of Medical Sciences, Vizianagaram",maharajah-institute-of-medical-sciences-vizianagaram,Private,andhra Pradesh,Vizianagaram,200,,,,FALSE,MBBS,,,,#6a0dad,,,,,,,,,,,,,,,,,
"Maharashtra Institute of Medical  Sciences & Research, Latur",maharashtra-institute-of-medical-sciences-research-latur,Private,Maharashtra,Latur,150,,,,FALSE,MBBS,,,,#6a0dad,,,,,,,,,,,,,,,,,
"Maharashtra Institute of Medical Education & Research, Talegaon,Pune",maharashtra-institute-of-medical-education-research-talegaon-pune,Private,Maharashtra,Pune,150,,,,FALSE,MBBS,,,,#6a0dad,,,,,,,,,,,,,,,,,
"Mahatma Gandhi Medical College, Jaipur",mahatma-gandhi-medical-college-jaipur,Private,Rajasthan,Jaipur,250,,,,FALSE,MBBS,,,,#6a0dad,,,,,,,,,,,,,,,,,
"Mahaveer Institute of Medical Sciences & Research, Bhopal",mahaveer-institute-of-medical-sciences-research-bhopal,Private,Madhya Pradesh,Bhopal,150,,,,FALSE,MBBS,,,,#6a0dad,,,,,,,,,,,,,,,,,
"Mahavir Institute of Medical Sciences, Vikarabad, Telengana",mahavir-institute-of-medical-sciences-vikarabad-telengana,Private,Telangana,Telengana,200,,,,FALSE,MBBS,,,,#6a0dad,,,,,,,,,,,,,,,,,
"Maheshwara Medical College, Chitkul, Patancheru, Medak",maheshwara-medical-college-chitkul-patancheru-medak,Private,Telangana,Medak,150,,,,FALSE,MBBS,,,,#6a0dad,,,,,,,,,,,,,,,,,
"Malabar Medical College, Kozhikode,Calicut",malabar-medical-college-kozhikode-calicut,Private,Kerala,Calicut,250,,,,FALSE,MBBS,,,,#6a0dad,,,,,,,,,,,,,,,,,
Malankara Orthodox Syrian Church Medical College,malankara-orthodox-syrian-church-medical-college,Private,Kerala,Medical College,100,,,,FALSE,MBBS,,,,#6a0dad,,,,,,,,,,,,,,,,,
"Mamata Academy of Medical Sciences, Bachupally",mamata-academy-of-medical-sciences-bachupally,Private,Telangana,Bachupally,150,,,,FALSE,MBBS,,,,#6a0dad,,,,,,,,,,,,,,,,,
"Mamata Medical College, Khammam",mamata-medical-college-khammam,Private,Telangana,Khammam,200,,,,FALSE,MBBS,,,,#6a0dad,,,,,,,,,,,,,,,,,
Mata Gujri Memorial Medical College Kishanganj,mata-gujri-memorial-medical-college-kishanganj,Private,Bihar,College Kishanganj,150,,,,FALSE,MBBS,,,,#6a0dad,,,,,,,,,,,,,,,,,
Matushri Prabhaben Khodabhai Boghara Medical College & Research Centre,matushri-prabhaben-khodabhai-boghara-medical-college-research-centre,Private,Gujarat,,150,,,,FALSE,MBBS,,,,#6a0dad,,,,,,,,,,,,,,,,,
"Mayo Institute of Medical Sciences, Barabanki",mayo-institute-of-medical-sciences-barabanki,Private,Uttar Pradesh,Barabanki,250,,,,FALSE,MBBS,,,,#6a0dad,,,,,,,,,,,,,,,,,
"Mediciti Institute of Medical Sciences, Ghanpur",mediciti-institute-of-medical-sciences-ghanpur,Private,Telangana,Ghanpur,150,,,,FALSE,MBBS,,,,#6a0dad,,,,,,,,,,,,,,,,,
Melmaruvathur Adiparasakthi Instt. Medical Sciences  and Research,melmaruvathur-adiparasakthi-instt-medical-sciences-and-research,Private,Tamil Nadu,,150,,,,FALSE,MBBS,,,,#6a0dad,,,,,,,,,,,,,,,,,
"Mount Zion Medical College, Chayalode, Ezhamkulam Adoor, Pathanamthitta",mount-zion-medical-college-chayalode-ezhamkulam-adoor-pathanamthitta,Private,Kerala,Pathanamthitta,150,,,,FALSE,MBBS,,,,#6a0dad,,,,,,,,,,,,,,,,,
"Muzaffarnagar Medical College, Muzaffarnagar",muzaffarnagar-medical-college-muzaffarnagar,Private,Uttar Pradesh,Muzaffarnagar,200,,,,FALSE,MBBS,,,,#6a0dad,,,,,,,,,,,,,,,,,
N. K. P. Salve Instt. of Medical Sciences and Research Centre and Lata Mangeshka,n-k-p-salve-instt-of-medical-sciences-and-research-centre-and-lata-mangeshka,Private,Maharashtra,and,250,,,,FALSE,MBBS,,,,#6a0dad,,,,,,,,,,,,,,,,,
"N.C. Medical College & Hospital, Panipat",n-c-medical-college-hospital-panipat,Private,Haryana,Panipat,200,,,,FALSE,MBBS,,,,#6a0dad,,,,,,,,,,,,,,,,,
Nova Institute of Medical Sciences and Research Centre,nova-institute-of-medical-sciences-and-research-centre,Private,Telangana,and,250,,,,FALSE,MBBS,,,,#6a0dad,,,,,,,,,,,,,,,,,
"Nri Institute of Medical Sciences, Visakhapatnam",nri-institute-of-medical-sciences-visakhapatnam,Private,andhra Pradesh,Visakhapatnam,250,,,,FALSE,MBBS,,,,#6a0dad,,,,,,,,,,,,,,,,,
"Nri Medical College, Guntur",nri-medical-college-guntur,Private,andhra Pradesh,Guntur,200,,,,FALSE,MBBS,,,,#6a0dad,,,,,,,,,,,,,,,,,
"Nandha Medical College & Hospital, Erode, Tamil Nadu",nandha-medical-college-hospital-erode-tamil-nadu,Private,Tamil Nadu,Tamil Nadu,150,,,,FALSE,MBBS,,,,#6a0dad,,,,,,,,,,,,,,,,,
Naraina Medical College and Research Centre,naraina-medical-college-and-research-centre,Private,Uttar Pradesh,Research Centre,250,,,,FALSE,MBBS,,,,#6a0dad,,,,,,,,,,,,,,,,,
"Narayan Medical College & Hospital, Sasaram",narayan-medical-college-hospital-sasaram,Private,Bihar,Sasaram,250,,,,FALSE,MBBS,,,,#6a0dad,,,,,,,,,,,,,,,,,
"Narayana Medical College, Nellore",narayana-medical-college-nellore,Private,andhra Pradesh,Nellore,250,,,,FALSE,MBBS,,,,#6a0dad,,,,,,,,,,,,,,,,,
"National Capital Region Institute of Medical Sciences, Meerut",national-capital-region-institute-of-medical-sciences-meerut,Private,Uttar Pradesh,Meerut,200,,,,FALSE,MBBS,,,,#6a0dad,,,,,,,,,,,,,,,,,
"National Institute of Medical Science & Research, Jaipur",national-institute-of-medical-science-research-jaipur,Private,Rajasthan,Jaipur,250,,,,FALSE,MBBS,,,,#6a0dad,,,,,,,,,,,,,,,,,
"Navodaya Medical College, Raichur",navodaya-medical-college-raichur,Private,Karnataka,Raichur,200,,,,FALSE,MBBS,,,,#6a0dad,,,,,,,,,,,,,,,,,
"Neelima Institute of Medical Sciences, Telangana",neelima-institute-of-medical-sciences-telangana,Private,Telangana,Telangana,200,,,,FALSE,MBBS,,,,#6a0dad,,,,,,,,,,,,,,,,,
"Netaji Subhas Medical College & Hospital, Amhara, Bihta, Patna",netaji-subhas-medical-college-hospital-amhara-bihta-patna,Private,Bihar,Patna,150,,,,FALSE,MBBS,,,,#6a0dad,,,,,,,,,,,,,,,,,
"Netaji Subhas Medical College & Hospital, Seraikala,Jharkhand",netaji-subhas-medical-college-hospital-seraikala-jharkhand,Private,Jharkhand,Jharkhand,100,,,,FALSE,MBBS,,,,#6a0dad,,,,,,,,,,,,,,,,,
"Nimra Institute of Medical Sciences, Krishna Dist., A.P.",nimra-institute-of-medical-sciences-krishna-dist-a-p,Private,andhra Pradesh,A.P.,200,,,,FALSE,MBBS,,,,#6a0dad,,,,,,,,,,,,,,,,,
Noida International Institute of Medical Sciences,noida-international-institute-of-medical-sciences,Private,Uttar Pradesh,Medical Sciences,150,,,,FALSE,MBBS,,,,#6a0dad,,,,,,,,,,,,,,,,,
"Nootan Medical College and Research Centre, Mehsana",nootan-medical-college-and-research-centre-mehsana,Private,Gujarat,Mehsana,150,,,,FALSE,MBBS,,,,#6a0dad,,,,,,,,,,,,,,,,,
"P E S Institute of Medical Sciences and Research, Kuppam",p-e-s-institute-of-medical-sciences-and-research-kuppam,Private,andhra Pradesh,Kuppam,150,,,,FALSE,MBBS,,,,#6a0dad,,,,,,,,,,,,,,,,,
"P K Das Institute of Medical Sciences, Palakkad, Kerala",p-k-das-institute-of-medical-sciences-palakkad-kerala,Private,Kerala,Kerala,250,,,,FALSE,MBBS,,,,#6a0dad,,,,,,,,,,,,,,,,,
Pa Sangma International Medical College & Hospital,pa-sangma-international-medical-college-hospital,Private,Meghalaya,College & Hospital,100,,,,FALSE,MBBS,,,,#6a0dad,,,,,,,,,,,,,,,,,
Pacific Institute of Medical Sciences Umarda,pacific-institute-of-medical-sciences-umarda,Private,Rajasthan,Umarda,250,,,,FALSE,MBBS,,,,#6a0dad,,,,,,,,,,,,,,,,,
Palakkad Institute of Medical Sciences,palakkad-institute-of-medical-sciences,Private,Kerala,Sciences,100,,,,FALSE,MBBS,,,,#6a0dad,,,,,,,,,,,,,,,,,
"Parbhani Medical College, Parbhani",parbhani-medical-college-parbhani,Private,Maharashtra,PARBHANI,150,,,,FALSE,MBBS,,,,#6a0dad,,,,,,,,,,,,,,,,,
"Pes University Institute of Medical Sciences & Research, Bangalore",pes-university-institute-of-medical-sciences-research-bangalore,Private,Karnataka,Bangalore,150,,,,FALSE,MBBS,,,,#6a0dad,,,,,,,,,,,,,,,,,
Pkg Medical College,pkg-medical-college,Private,West Bengal,Dibrugarh,50,,,,FALSE,MBBS,,,,#6a0dad,,,,,,,,,,,,,,,,,
"Psg Institute of Medical Sciences, Coimbatore",psg-institute-of-medical-sciences-coimbatore,Private,Tamil Nadu,Coimbatore,250,,,,FALSE,MBBS,,,,#6a0dad,,,,,,,,,,,,,,,,,
"Psp Medical College Hospital and Research Institute, Tamil Nadu",psp-medical-college-hospital-and-research-institute-tamil-nadu,Private,Tamil Nadu,Tamil Nadu,100,,,,FALSE,MBBS,,,,#6a0dad,,,,,,,,,,,,,,,,,
"Pacific Medical College & Hospital, Bhilo Ka Bedla, Udaipur",pacific-medical-college-hospital-bhilo-ka-bedla-udaipur,Private,Rajasthan,Udaipur,200,,,,FALSE,MBBS,,,,#6a0dad,,,,,,,,,,,,,,,,,
Panimalar Medical College Hospital & Research Institute,panimalar-medical-college-hospital-research-institute,Private,Tamil Nadu,& Research Institute,200,,,,FALSE,MBBS,,,,#6a0dad,,,,,,,,,,,,,,,,,
"Parul Institute of Medical Sciences & Research, Vadodara",parul-institute-of-medical-sciences-research-vadodara,Private,Gujarat,Vadodara,200,,,,FALSE,MBBS,,,,#6a0dad,,,,,,,,,,,,,,,,,
"Peoples College of Medical Sciences & Research Centre, Bhanpur, Bhopal",peoples-college-of-medical-sciences-research-centre-bhanpur-bhopal,Private,Madhya Pradesh,Bhopal,250,,,,FALSE,MBBS,,,,#6a0dad,,,,,,,,,,,,,,,,,
"Prakash Institute of Medical Sciences & Research, Sangli",prakash-institute-of-medical-sciences-research-sangli,Private,Maharashtra,Sangli,150,,,,FALSE,MBBS,,,,#6a0dad,,,,,,,,,,,,,,,,,
Pramukhswami Medical College,pramukhswami-medical-college,Private,Gujarat,Dibrugarh,150,,,,FALSE,MBBS,,,,#6a0dad,,,,,,,,,,,,,,,,,
"Prasad Institute of Medical Sciences, Lucknow",prasad-institute-of-medical-sciences-lucknow,Private,Uttar Pradesh,Lucknow,150,,,,FALSE,MBBS,,,,#6a0dad,,,,,,,,,,,,,,,,,
"Prathima Institute of Medical Sciences, Karimnagar",prathima-institute-of-medical-sciences-karimnagar,Private,Telangana,Karimnagar,250,,,,FALSE,MBBS,,,,#6a0dad,,,,,,,,,,,,,,,,,
"Prathima Relief Institute of Medical Sciences, Hanamkonda",prathima-relief-institute-of-medical-sciences-hanamkonda,Private,Telangana,Hanamkonda,150,,,,FALSE,MBBS,,,,#6a0dad,,,,,,,,,,,,,,,,,
"Puducherry Institute of Medical Sciences & Research, Pondicherry",puducherry-institute-of-medical-sciences-research-pondicherry,Private,Pondicherry,Pondicherry,150,,,,FALSE,MBBS,,,,#6a0dad,,,,,,,,,,,,,,,,,
"Punjab Institute of Medical Sciences, Jalandhar",punjab-institute-of-medical-sciences-jalandhar,Private,Punjab,Jalandhar,150,,,,FALSE,MBBS,,,,#6a0dad,,,,,,,,,,,,,,,,,
"Pushpagiri Institute of Medical Sciences and Research Centre, Tiruvalla",pushpagiri-institute-of-medical-sciences-and-research-centre-tiruvalla,Private,Kerala,Tiruvalla,100,,,,FALSE,MBBS,,,,#6a0dad,,,,,,,,,,,,,,,,,
"R.V.M. Institute of Medical Sciences and Research Centre, Siddipet",r-v-m-institute-of-medical-sciences-and-research-centre-siddipet,Private,Telangana,Siddipet,250,,,,FALSE,MBBS,,,,#6a0dad,,,,,,,,,,,,,,,,,
"Ram Krishna Medical College Hospital and Research Centre, Bhopal",ram-krishna-medical-college-hospital-and-research-centre-bhopal,Private,Madhya Pradesh,BHOPAL,150,,,,FALSE,MBBS,,,,#6a0dad,,,,,,,,,,,,,,,,,
Raniganj Institute of Medical Science,raniganj-institute-of-medical-science,Private,West Bengal,Science,100,,,,FALSE,MBBS,,,,#6a0dad,,,,,,,,,,,,,,,,,
"Rimt Medical College and Hospital Fatehgarh, Sahib, Punjab",rimt-medical-college-and-hospital-fatehgarh-sahib-punjab,Private,Punjab,Punjab,50,,,,FALSE,MBBS,,,,#6a0dad,,,,,,,,,,,,,,,,,
"Rkdf Medical College Hospital & Research Centre, Jatkhedi, Bhopal",rkdf-medical-college-hospital-research-centre-jatkhedi-bhopal,Private,Madhya Pradesh,Bhopal,150,,,,FALSE,MBBS,,,,#6a0dad,,,,,,,,,,,,,,,,,
Radha Devi Jageshwari Memorial Medical College and Hospital,radha-devi-jageshwari-memorial-medical-college-and-hospital,Private,Bihar,College,200,,,,FALSE,MBBS,,,,#6a0dad,,,,,,,,,,,,,,,,,
"Raipur Institute of Medical Sciences (Rims), Raipur",raipur-institute-of-medical-sciences-rims-raipur,Private,Chattisgarh,Raipur,150,,,,FALSE,MBBS,,,,#6a0dad,,,,,,,,,,,,,,,,,
"Rajshree Medical Research Institute, Bareilly",rajshree-medical-research-institute-bareilly,Private,Uttar Pradesh,Bareilly,250,,,,FALSE,MBBS,,,,#6a0dad,,,,,,,,,,,,,,,,,
"Rama Medical College Hospital and Research Centre, Hapur",rama-medical-college-hospital-and-research-centre-hapur,Private,Uttar Pradesh,Hapur,250,,,,FALSE,MBBS,,,,#6a0dad,,,,,,,,,,,,,,,,,
"Rama Medical College and Hospital , Kanpur",rama-medical-college-and-hospital-kanpur,Private,Uttar Pradesh,Kanpur,150,,,,FALSE,MBBS,,,,#6a0dad,,,,,,,,,,,,,,,,,
"Rohilkhand Medical College & Hospital, Bareilly",rohilkhand-medical-college-hospital-bareilly,Private,Uttar Pradesh,Bareilly,250,,,,FALSE,MBBS,,,,#6a0dad,,,,,,,,,,,,,,,,,
"Ruxmaniben Deepchand Gardi Medical College, Ujjain",ruxmaniben-deepchand-gardi-medical-college-ujjain,Private,Madhya Pradesh,Ujjain,150,,,,FALSE,MBBS,,,,#6a0dad,,,,,,,,,,,,,,,,,
"S R Patil Medical College, Hospital & Research Centre, Badagandi, Bagalkot, Karn",s-r-patil-medical-college-hospital-research-centre-badagandi-bagalkot-karn,Private,Karnataka,Karn,100,,,,FALSE,MBBS,,,,#6a0dad,,,,,,,,,,,,,,,,,
"S S Institute of Medical Sciences& Research Centre, Davangere",s-s-institute-of-medical-sciences-research-centre-davangere,Private,Karnataka,Davangere,200,,,,FALSE,MBBS,,,,#6a0dad,,,,,,,,,,,,,,,,,
"S V S Medical College, Mehboobnagar",s-v-s-medical-college-mehboobnagar,Private,Telangana,Mehboobnagar,150,,,,FALSE,MBBS,,,,#6a0dad,,,,,,,,,,,,,,,,,
"S. Nijalingappa Medical College & Hsk Hospital & Research Centre, Bagalkot",s-nijalingappa-medical-college-hsk-hospital-research-centre-bagalkot,Private,Karnataka,Bagalkot,250,,,,FALSE,MBBS,,,,#6a0dad,,,,,,,,,,,,,,,,,
"Sal Institute of Medical Sciences, Ahmadabad",sal-institute-of-medical-sciences-ahmadabad,Private,Gujarat,Ahmadabad,150,,,,FALSE,MBBS,,,,#6a0dad,,,,,,,,,,,,,,,,,
Santiniketan Medical College,santiniketan-medical-college,Private,West Bengal,Dibrugarh,150,,,,FALSE,MBBS,,,,#6a0dad,,,,,,,,,,,,,,,,,
School of Medical Sciences Sri Satya Sai University of Technology and Medical Sc,school-of-medical-sciences-sri-satya-sai-university-of-technology-and-medical-sc,Private,Madhya Pradesh,and,100,,,,FALSE,MBBS,,,,#6a0dad,,,,,,,,,,,,,,,,,
"Sdm College of Medical Sciences & Hospital, Sattur, Dharwad",sdm-college-of-medical-sciences-hospital-sattur-dharwad,Private,Karnataka,Dharwad,150,,,,FALSE,MBBS,,,,#6a0dad,,,,,,,,,,,,,,,,,
Shri Gorakshnath Medical College Hospital and Research Centre,shri-gorakshnath-medical-college-hospital-and-research-centre,Private,Uttar Pradesh,CENTRE,150,,,,FALSE,MBBS,,,,#6a0dad,,,,,,,,,,,,,,,,,
Shri Mata Vaishno Devi Institute of Medical Excellence,shri-mata-vaishno-devi-institute-of-medical-excellence,Private,Jammu & Kashmir,of,50,,,,FALSE,MBBS,,,,#6a0dad,,,,,,,,,,,,,,,,,
"Shri Rawatpura Sarkar Institute of Medical Sciences and Research, Raipur, Chhatt",shri-rawatpura-sarkar-institute-of-medical-sciences-and-research-raipur-chhatt,Private,Chattisgarh,CHHATT,100,,,,FALSE,MBBS,,,,#6a0dad,,,,,,,,,,,,,,,,,
Shri Shankaracharya Institute of Medical Sciences,shri-shankaracharya-institute-of-medical-sciences,Private,Chattisgarh,Medical Sciences,250,,,,FALSE,MBBS,,,,#6a0dad,,,,,,,,,,,,,,,,,
Shyamlal Chandrashekhar Medical College & S P N M Hopsital,shyamlal-chandrashekhar-medical-college-s-p-n-m-hopsital,Private,Bihar,N,100,,,,FALSE,MBBS,,,,#6a0dad,,,,,,,,,,,,,,,,,
"Sks Hospital Medical College and Research Centre, Up",sks-hospital-medical-college-and-research-centre-up,Private,Uttar Pradesh,UP,200,,,,FALSE,MBBS,,,,#6a0dad,,,,,,,,,,,,,,,,,
"Smbt Institute of Medical Sciences & Research Centre, Nandihills, Nashik",smbt-institute-of-medical-sciences-research-centre-nandihills-nashik,Private,Maharashtra,Nashik,150,,,,FALSE,MBBS,,,,#6a0dad,,,,,,,,,,,,,,,,,
"St Peters Medical College, Hospital & Research Institute",st-peters-medical-college-hospital-research-institute,Private,Tamil Nadu,Hospital & Research Institute,250,,,,FALSE,MBBS,,,,#6a0dad,,,,,,,,,,,,,,,,,
"Sudha Medical College, Jhalawar, Kota",sudha-medical-college-jhalawar-kota,Private,Rajasthan,KOTA,100,,,,FALSE,MBBS,,,,#6a0dad,,,,,,,,,,,,,,,,,
"Santhiram Medical College, Nandyal",santhiram-medical-college-nandyal,Private,andhra Pradesh,Nandyal,250,,,,FALSE,MBBS,,,,#6a0dad,,,,,,,,,,,,,,,,,
"Sapthagiri Institute of Medical Sciences & Research Centre, Bangalore",sapthagiri-institute-of-medical-sciences-research-centre-bangalore,Private,Karnataka,Bangalore,250,,,,FALSE,MBBS,,,,#6a0dad,,,,,,,,,,,,,,,,,
"Saraswati Institute of Medical Sciences, Hapur",saraswati-institute-of-medical-sciences-hapur,Private,Uttar Pradesh,Hapur,250,,,,FALSE,MBBS,,,,#6a0dad,,,,,,,,,,,,,,,,,
"Saraswati Medical College, Unnao, U.P.",saraswati-medical-college-unnao-u-p,Private,Uttar Pradesh,U.P.,150,,,,FALSE,MBBS,,,,#6a0dad,,,,,,,,,,,,,,,,,
"School of Medical Sciences & Research,Greater Noida",school-of-medical-sciences-research-greater-noida,Private,Uttar Pradesh,Greater Noida,250,,,,FALSE,MBBS,,,,#6a0dad,,,,,,,,,,,,,,,,,
"Shadan Institute of Medical Sciences,Research Centre and Teaching Hospital, Peer",shadan-institute-of-medical-sciences-research-centre-and-teaching-hospital-peer,Private,Telangana,Peer,150,,,,FALSE,MBBS,,,,#6a0dad,,,,,,,,,,,,,,,,,
"Shantabaa Medical College, Amreli",shantabaa-medical-college-amreli,Private,Gujarat,Amreli,150,,,,FALSE,MBBS,,,,#6a0dad,,,,,,,,,,,,,,,,,
Shija Academy of Health Sciences,shija-academy-of-health-sciences,Private,Manipur,Sciences,150,,,,FALSE,MBBS,,,,#6a0dad,,,,,,,,,,,,,,,,,
Shree Narayan Medical Institute and Hospital,shree-narayan-medical-institute-and-hospital,Private,Bihar,and Hospital,150,,,,FALSE,MBBS,,,,#6a0dad,,,,,,,,,,,,,,,,,
Shri Balaji Institute of Medical Science,shri-balaji-institute-of-medical-science,Private,Chattisgarh,Medical Science,250,,,,FALSE,MBBS,,,,#6a0dad,,,,,,,,,,,,,,,,,
"Shri Guru Ram Rai Institute of Medical & Health Sciences, Dehradun",shri-guru-ram-rai-institute-of-medical-health-sciences-dehradun,Private,Uttarakhand,Dehradun,250,,,,FALSE,MBBS,,,,#6a0dad,,,,,,,,,,,,,,,,,
"Shri Ram Murti Smarak Institute of Medical Sciences, Bareilly",shri-ram-murti-smarak-institute-of-medical-sciences-bareilly,Private,Uttar Pradesh,Bareilly,200,,,,FALSE,MBBS,,,,#6a0dad,,,,,,,,,,,,,,,,,
"Shri Ramkrishna Institute of Medical Sciences & Sanaka Hospitals, Durgapur",shri-ramkrishna-institute-of-medical-sciences-sanaka-hospitals-durgapur,Private,West Bengal,Durgapur,250,,,,FALSE,MBBS,,,,#6a0dad,,,,,,,,,,,,,,,,,
"Shri Siddhi Vinayak Medical College and Hospital, Sambhal, Up",shri-siddhi-vinayak-medical-college-and-hospital-sambhal-up,Private,Uttar Pradesh,UP,150,,,,FALSE,MBBS,,,,#6a0dad,,,,,,,,,,,,,,,,,
"Shridevi Institute of Medical Sciences & Research Hospital, Tumkur",shridevi-institute-of-medical-sciences-research-hospital-tumkur,Private,Karnataka,Tumkur,250,,,,FALSE,MBBS,,,,#6a0dad,,,,,,,,,,,,,,,,,
"Siddaganga Medical College and Research Institute, Tumakuru",siddaganga-medical-college-and-research-institute-tumakuru,Private,Karnataka,Tumakuru,200,,,,FALSE,MBBS,,,,#6a0dad,,,,,,,,,,,,,,,,,
"Sindhudurg Shikshan Prasarak Mandal (Sspm) Medical College & Lifetime Hospital,",sindhudurg-shikshan-prasarak-mandal-sspm-medical-college-lifetime-hospital,Private,Maharashtra,&,149,,,,FALSE,MBBS,,,,#6a0dad,,,,,,,,,,,,,,,,,
Smt Sakhubai Narayanrao Katkade Medical College and Research Center,smt-sakhubai-narayanrao-katkade-medical-college-and-research-center,Private,Maharashtra,and,100,,,,FALSE,MBBS,,,,#6a0dad,,,,,,,,,,,,,,,,,
"Smt. Kashibai Navale Medical College and General Hospital,Pune",smt-kashibai-navale-medical-college-and-general-hospital-pune,Private,Maharashtra,Pune,150,,,,FALSE,MBBS,,,,#6a0dad,,,,,,,,,,,,,,,,,
"Sree Gokulam Medical College Trust & Research Foundation, Trivandrum",sree-gokulam-medical-college-trust-research-foundation-trivandrum,Private,Kerala,Trivandrum,150,,,,FALSE,MBBS,,,,#6a0dad,,,,,,,,,,,,,,,,,
"Sree Mookambika Institute of Medical Sciences, Kanyakumari",sree-mookambika-institute-of-medical-sciences-kanyakumari,Private,Tamil Nadu,Kanyakumari,150,,,,FALSE,MBBS,,,,#6a0dad,,,,,,,,,,,,,,,,,
"Sree Narayana Instt. of Medical Sciences, Chalakka,Ernakulam",sree-narayana-instt-of-medical-sciences-chalakka-ernakulam,Private,Kerala,Ernakulam,150,,,,FALSE,MBBS,,,,#6a0dad,,,,,,,,,,,,,,,,,
"Sree Uthradom Thiurnal Academy of Medical Sciences,Trivandrum",sree-uthradom-thiurnal-academy-of-medical-sciences-trivandrum,Private,Kerala,Trivandrum,250,,,,FALSE,MBBS,,,,#6a0dad,,,,,,,,,,,,,,,,,
"Sri Aurobindo Medical College and Post Graduate Institute , Indore",sri-aurobindo-medical-college-and-post-graduate-institute-indore,Private,Madhya Pradesh,Indore,250,,,,FALSE,MBBS,,,,#6a0dad,,,,,,,,,,,,,,,,,
Sri Balaji Medical College Hospital and Research Institute Tirupati,sri-balaji-medical-college-hospital-and-research-institute-tirupati,Private,andhra Pradesh,Research,150,,,,FALSE,MBBS,,,,#6a0dad,,,,,,,,,,,,,,,,,
"Sri Chamundeshwari Medical College Hospital & Research Institute, Ramanagara, Ka",sri-chamundeshwari-medical-college-hospital-research-institute-ramanagara-ka,Private,Karnataka,Ka,150,,,,FALSE,MBBS,,,,#6a0dad,,,,,,,,,,,,,,,,,
"Sri Guru Ram Das Institute of Medical Sciences and Research, Sri Amritsar",sri-guru-ram-das-institute-of-medical-sciences-and-research-sri-amritsar,Private,Punjab,Sri Amritsar,150,,,,FALSE,MBBS,,,,#6a0dad,,,,,,,,,,,,,,,,,
Sri Madhusudan Sai Institute of Medical Sciences and Research,sri-madhusudan-sai-institute-of-medical-sciences-and-research,Private,Karnataka,Sciences,50,,,,FALSE,MBBS,,,,#6a0dad,,,,,,,,,,,,,,,,,
Sri Manakula Vinayagar Medical College and Hospital,sri-manakula-vinayagar-medical-college-and-hospital,Private,Pondicherry,,250,,,,FALSE,MBBS,,,,#6a0dad,,,,,,,,,,,,,,,,,
"Sri Muthukumaran Medical College,Chennai",sri-muthukumaran-medical-college-chennai,Private,Tamil Nadu,Chennai,150,,,,FALSE,MBBS,,,,#6a0dad,,,,,,,,,,,,,,,,,
"Sri Ramachandra Institute of Medical Sciences, Aurangabad, Maharashtra",sri-ramachandra-institute-of-medical-sciences-aurangabad-maharashtra,Private,Maharashtra,Maharashtra,150,,,,FALSE,MBBS,,,,#6a0dad,,,,,,,,,,,,,,,,,
"Sri Venkateswaraa Medical College Hospital and Research Institute, Chennai",sri-venkateswaraa-medical-college-hospital-and-research-institute-chennai,Private,Tamil Nadu,Chennai,250,,,,FALSE,MBBS,,,,#6a0dad,,,,,,,,,,,,,,,,,
"Sri Venkateswaraa Medical College, Hospital & Research Centre, Pondicherry",sri-venkateswaraa-medical-college-hospital-research-centre-pondicherry,Private,Pondicherry,Pondicherry,250,,,,FALSE,MBBS,,,,#6a0dad,,,,,,,,,,,,,,,,,
"Srinivas Institute of Medical Research Centre, Srinivasnagar, Mangalore",srinivas-institute-of-medical-research-centre-srinivasnagar-mangalore,Private,Karnataka,mangalore,250,,,,FALSE,MBBS,,,,#6a0dad,,,,,,,,,,,,,,,,,
Srinivasan Medical College and Hospital,srinivasan-medical-college-and-hospital,Private,Tamil Nadu,Hospital,250,,,,FALSE,MBBS,,,,#6a0dad,,,,,,,,,,,,,,,,,
"St. Johns Medical College, Bangalore",st-johns-medical-college-bangalore,Private,Karnataka,Bangalore,150,,,,FALSE,MBBS,,,,#6a0dad,,,,,,,,,,,,,,,,,
"Subbaiah Institute of Medical Sciences, Shimoga, Karnataka",subbaiah-institute-of-medical-sciences-shimoga-karnataka,Private,Karnataka,Karnataka,250,,,,FALSE,MBBS,,,,#6a0dad,,,,,,,,,,,,,,,,,
"Subharti Medical College, Meerut",subharti-medical-college-meerut,Private,Uttar Pradesh,Meerut,200,,,,FALSE,MBBS,,,,#6a0dad,,,,,,,,,,,,,,,,,
"Sukh Sagar Medical College & Hospital, Jabalpur",sukh-sagar-medical-college-hospital-jabalpur,Private,Madhya Pradesh,Jabalpur,200,,,,FALSE,MBBS,,,,#6a0dad,,,,,,,,,,,,,,,,,
"Surabhi Institute of Medical Sciences, Siddipet, Telangana",surabhi-institute-of-medical-sciences-siddipet-telangana,Private,Telangana,Telangana,200,,,,FALSE,MBBS,,,,#6a0dad,,,,,,,,,,,,,,,,,
"Swaminarayan Institute of Medical Sciences & Research, Kalol, Gandhinagar, Gujar",swaminarayan-institute-of-medical-sciences-research-kalol-gandhinagar-gujar,Private,Gujarat,Gujar,200,,,,FALSE,MBBS,,,,#6a0dad,,,,,,,,,,,,,,,,,
Swamy Vivekanandha Medical College Hospital and Research Institute,swamy-vivekanandha-medical-college-hospital-and-research-institute,Private,Tamil Nadu,and,200,,,,FALSE,MBBS,,,,#6a0dad,,,,,,,,,,,,,,,,,
"T S Misra Medical College & Hospital, Amusi, Lucknow",t-s-misra-medical-college-hospital-amusi-lucknow,Private,Uttar Pradesh,Lucknow,250,,,,FALSE,MBBS,,,,#6a0dad,,,,,,,,,,,,,,,,,
"Trr Institute of Medical Sciences, Patancheru",trr-institute-of-medical-sciences-patancheru,Private,Telangana,Patancheru,150,,,,FALSE,MBBS,,,,#6a0dad,,,,,,,,,,,,,,,,,
"Tagore Medical College and Hospital, Chennai",tagore-medical-college-and-hospital-chennai,Private,Tamil Nadu,Chennai,250,,,,FALSE,MBBS,,,,#6a0dad,,,,,,,,,,,,,,,,,
"Takshashila Medical College, Villupuram",takshashila-medical-college-villupuram,Private,Tamil Nadu,Villupuram,100,,,,FALSE,MBBS,,,,#6a0dad,,,,,,,,,,,,,,,,,
Teerthanker Mahaveer Medical College & Research Center,teerthanker-mahaveer-medical-college-research-center,Private,Uttar Pradesh,& Research Center,250,,,,FALSE,MBBS,,,,#6a0dad,,,,,,,,,,,,,,,,,
"Terna Medical College, Navi Mumbai",terna-medical-college-navi-mumbai,Private,Maharashtra,Navi Mumbai,150,,,,FALSE,MBBS,,,,#6a0dad,,,,,,,,,,,,,,,,,
"The Oxford Medical College, Hospital & Research Centre, Bangalore",the-oxford-medical-college-hospital-research-centre-bangalore,Private,Karnataka,Bangalore,200,,,,FALSE,MBBS,,,,#6a0dad,,,,,,,,,,,,,,,,,
"Travancore Medical College, Kollam",travancore-medical-college-kollam,Private,Kerala,Kollam,200,,,,FALSE,MBBS,,,,#6a0dad,,,,,,,,,,,,,,,,,
"Trichy Srm Medical College Hospital & Research Centre, Trichy",trichy-srm-medical-college-hospital-research-centre-trichy,Private,Tamil Nadu,Trichy,250,,,,FALSE,MBBS,,,,#6a0dad,,,,,,,,,,,,,,,,,
Tripura Medical College and Dr. Bram Teaching Hospital,tripura-medical-college-and-dr-bram-teaching-hospital,Private,Tripura,Bram,150,,,,FALSE,MBBS,,,,#6a0dad,,,,,,,,,,,,,,,,,
Tripura Santiniketan Medical College,tripura-santiniketan-medical-college,Private,Tripura,,150,,,,FALSE,MBBS,,,,#6a0dad,,,,,,,,,,,,,,,,,
"United Institute of Medical Sciences, Allahabad",united-institute-of-medical-sciences-allahabad,Private,Uttar Pradesh,Allahabad,150,,,,FALSE,MBBS,,,,#6a0dad,,,,,,,,,,,,,,,,,
Viraat Ramayan Institute of Medical Sciences,viraat-ramayan-institute-of-medical-sciences,Private,Bihar,Medical Sciences,50,,,,FALSE,MBBS,,,,#6a0dad,,,,,,,,,,,,,,,,,
"Varun Arjun Medical College, Banthra, Shahjahanpur",varun-arjun-medical-college-banthra-shahjahanpur,Private,Uttar Pradesh,Shahjahanpur,250,,,,FALSE,MBBS,,,,#6a0dad,,,,,,,,,,,,,,,,,
"Vedantaa Institute of Medical Sciences, Palghar, Maharashtra",vedantaa-institute-of-medical-sciences-palghar-maharashtra,Private,Maharashtra,Maharashtra,150,,,,FALSE,MBBS,,,,#6a0dad,,,,,,,,,,,,,,,,,
"Velammal Medical College Hospital and Research Institute, Madurai",velammal-medical-college-hospital-and-research-institute-madurai,Private,Tamil Nadu,Madurai,150,,,,FALSE,MBBS,,,,#6a0dad,,,,,,,,,,,,,,,,,
"Venkateshwara Institute of Medical Sciences, Gajraula",venkateshwara-institute-of-medical-sciences-gajraula,Private,Uttar Pradesh,Gajraula,250,,,,FALSE,MBBS,,,,#6a0dad,,,,,,,,,,,,,,,,,
"Viswabharathi Medical College, Kurnool",viswabharathi-medical-college-kurnool,Private,andhra Pradesh,Kurnool,250,,,,FALSE,MBBS,,,,#6a0dad,,,,,,,,,,,,,,,,,
Vyas Medical College and Hospital Jodhpur,vyas-medical-college-and-hospital-jodhpur,Private,Rajasthan,Hospital Jodhpur,100,,,,FALSE,MBBS,,,,#6a0dad,,,,,,,,,,,,,,,,,
"Vydehi Institute of Medical Sciences & Research Centre, Bangalore",vydehi-institute-of-medical-sciences-research-centre-bangalore,Private,Karnataka,Bangalore,250,,,,FALSE,MBBS,,,,#6a0dad,,,,,,,,,,,,,,,,,
"World College of Medical Sciences & Researc, Jhajjar, Haryana",world-college-of-medical-sciences-researc-jhajjar-haryana,Private,Haryana,Haryana,250,,,,FALSE,MBBS,,,,#6a0dad,,,,,,,,,,,,,,,,,
"Zydus Medical College and Hospital, Dahod",zydus-medical-college-and-hospital-dahod,Private,Gujarat,Dahod,200,,,,FALSE,MBBS,,,,#6a0dad,,,,,,,,,,,,,,,,,
